DatGeracaoConjuntoDados;IdeOnsSbe;SglTipAnj;DscTipAnj;IdeMdl;IdeTipMdl;IdeTipAnj;IdeSbe;IdcPrtMdlGrl;NomSubestacao;NomLongoSubestacao;SigUFSubestacao;NumOprMdl;NomMdl;IdcSitMdl;NumTnsMdl
2026-04-27;ALPEN;;;5768;1;;19;;PENEDO;SUB PENEDO AL;AL;MG1;MG 230 kV PENEDO MG1 AL;3;230,00
2026-04-27;ALUXG;DJM;Disjuntor e Meio;5770;1;2;27;2;USINA XINGO;USI USINA XINGO AL;AL;MG1;MG 500 kV USINA XINGO MG1 AL;3;500,00
2026-04-27;BAABX;;;5771;1;;34;;ABAIXADORA;SUB ABAIXADORA BA;BA;MG1;MG 230 kV ABAIXADORA MG1 BA;3;230,00
2026-04-27;BACTU;;;5778;1;;55;;CATU;SUB CATU     BA;BA;MG1;MG 230 kV CATU MG1 BA;3;230,00
2026-04-27;BAFNL;;;5780;1;;66;;FUNIL;SUB FUNIL    BA;BA;MG1;MG 230 kV FUNIL MG1 BA;3;230,00
2026-04-27;BAJCR;BD3;Barra Dupla a três Chaves;5784;1;7;72;2;JACARACANGA;SUB JACARACANGA   BA;BA;MG1;MG 230 kV JACARACANGA MG1 BA;3;230,00
2026-04-27;BAOLD;DJM;Disjuntor e Meio;5787;1;2;83;2;OLINDINA;SUB OLINDINA    BA;BA;MG1;MG 500 kV OLINDINA MG1 BA;2;500,00
2026-04-27;BASTJ;BPT;Barra Principal e Transferência;5792;1;1;102;2;STO.A.JESUS;SUB SANTO  ANTONIO JESUS   BA;BA;MG1;MG 230 kV STO.A.JESUS MG1 BA;2;230,00
2026-04-27;BAUSB;BD5;Barra Dupla a Cinco Chaves;5793;1;6;118;1;U.SOBRADINHO;USI SOBRADINHO    BA;BA;MG2;MG 500 kV U.SOBRADINHO MG2 BA;3;500,00
2026-04-27;CEDMG;;;5795;1;;139;;DELM. GOUVEIA;SUB DELMIRO  GOUVEIA    CE;CE;MG1;MG 230 kV DELM. GOUVEIA MG1 CE;3;230,00
2026-04-27;CESBD;BPT;Barra Principal e Transferência;5801;1;1;160;2;SOBRAL II;SUB SOBRAL II     CE;CE;MG1;MG 230 kV SOBRAL II MG1 CE;3;230,00
2026-04-27;GOUCD;BD4;Barra Dupla a Quatro Chaves;5811;1;4;297;2;C. DOURADA;USI CACHOEIRA  DOURADA    GO;GO;MG1;MG 230 kV C. DOURADA MG1 GO;3;230,00
2026-04-27;MAAC;DJM;Disjuntor e Meio;5813;1;2;319;1;ACAILANDIA;SUB ACAILANDIA    MA;MA;MG1;MG 500 kV ACAILANDIA MG1 MA;3;500,00
2026-04-27;MACH;;;5814;1;;323;;COELHO NETO;SUB COELHO NETO   MA;MA;MG1;MG 230 kV COELHO NETO MG1 MA;3;230,00
2026-04-27;MALI;;;5817;1;;327;;SAO LUIS I;SUB SAO LUIS I    MA;MA;MG1;MG 230 kV SAO LUIS I MG1 MA;3;230,00
2026-04-27;MGITSE;BD3;Barra Dupla a três Chaves;5830;1;7;466;1;ITUTINGA-SE;SUB ITUTINGA-SE   MG;MG;MG1;MG 345 kV ITUTINGA-SE MG1 MG;3;345,00
2026-04-27;MGNPON;;;5837;1;;597;;NOVA PONTE;USI NOVA PONTE    MG;MG;MG1;MG 500 kV NOVA PONTE MG1 MG;3;500,00
2026-04-27;MGVPND;ANEL;Anel;5846;1;5;726;2;VESPASIANO 2;SUB VESPASIANO 2     MG;MG;MG1;MG 500 kV VESPASIANO 2 MG1 MG;3;500,00
2026-04-27;MTNB;BD3;Barra Dupla a três Chaves;5850;1;7;826;;NOBRES;SUB NOBRES     MT;MT;MG1;MG 230 kV NOBRES MG1 MT;2;230,00
2026-04-27;PAGM;;;5856;1;;870;;GUAMA;SUB GUAMA    PA;PA;MG1;MG 230 kV GUAMA MG1 PA;3;230,00
2026-04-27;PATC;;;5860;1;;885;;TUCURUI;SUB TUCURUI    PA;PA;MG4;MG 500 kV TUCURUI MG4 PA;3;500,00
2026-04-27;PAVC;;;5863;1;;892;;VILA DO CONDE;SUB VILA DO CONDE    PA;PA;MG2;MG 500 kV VILA DO CONDE MG2 PA;3;500,00
2026-04-27;PBCMA;BD3;Barra Dupla a três Chaves;5865;1;7;902;2;COREMAS;SUB COREMAS    PB;PB;MG1;MG 230 kV COREMAS MG1 PB;2;230,00
2026-04-27;PBMRD;BPT;Barra Principal e Transferência;5866;1;1;907;2;MUSSURE II;SUB MUSSURE II    PB;PB;MG1;MG 230 kV MUSSURE II MG1 PB;3;230,00
2026-04-27;PEAGD;DJM;Disjuntor e Meio;5867;1;2;915;2;ANGELIM II;SUB ANGELIM II    PE;PE;MG1;MG 500 kV ANGELIM II MG1 PE;3;500,00
2026-04-27;PEMRR;BPT;Barra Principal e Transferência;5871;1;1;945;2;MIRUEIRA;SUB MIRUEIRA    PE;PE;MG1;MG 230 kV MIRUEIRA MG1 PE;2;230,00
2026-04-27;PEPRD;BPT;Barra Principal e Transferência;5872;1;1;954;2;PIRAPAMA II;SUB PIRAPAMA II   PE;PE;MG1;MG 230 kV PIRAPAMA II MG1 PE;3;230,00
2026-04-27;PEULG;DJM;Disjuntor e Meio;5876;1;2;980;2;US. L.GONZAGA;USI LUIZ GONZAGA     PE;PE;MG1;MG 500 kV US. L.GONZAGA MG1 PE;3;500,00
2026-04-27;PIBEA;;;5877;1;;989;;B. ESPERANCA;SUB BOA ESPERANCA PI;PI;MG1;MG 500 kV B. ESPERANCA MG1 PI;3;500,00
2026-04-27;PITSA;BD3;Barra Dupla a três Chaves;5881;1;7;1002;2;TERESINA;SUB TERESINA    PI;PI;MG1;MG 230 kV TERESINA MG1 PI;3;230,00
2026-04-27;PIUBE ;DJM;Disjuntor e Meio;5883;1;2;1004;1;UB.ESPERANCA;USI BOA  ESPERANCA   PI;PI;MG1;MG 230 kV UB.ESPERANCA MG1 PI;3;230,00
2026-04-27;PRCCO;BPT;Barra Principal e Transferência;5886;1;1;1028;2;C.COMPRIDO;SUB CAMPO COMPRIDO   PR;PR;MG1;MG 230 kV C.COMPRIDO MG1 PR;3;230,00
2026-04-27;PRCEL;;;5887;1;;1031;;CASCAVEL;SUB CASCAVEL    PR;PR;MG1;MG 230 kV CASCAVEL MG1 PR;3;230,00
2026-04-27;PRDJP;BPT;Barra Principal e Transferência;5890;1;1;1048;1;D.S.J.PINHAIS;SUB DISTRITO SAO JOSE DOS PINHAIS PR;PR;MG1;MG 230 kV D.S.J.PINHAIS MG1 PR;2;230,00
2026-04-27;PRGPS;BPT;Barra Principal e Transferência;5893;1;1;1065;2;PARIGOT SOUZA;SUB GOVERNADOR PARIGOT SOUZA    PR;PR;MG1;MG 230 kV PARIGOT SOUZA MG1 PR;3;230,00
2026-04-27;PRGRL;;;5894;1;;1067;;GRALHA AZUL;SUB GRALHA AZUL   PR;PR;MG1;MG 230 kV GRALHA AZUL MG1 PR;3;230,00
2026-04-27;PRIBP;BPT;Barra Principal e Transferência;5896;1;1;1070;2;IBIPORA;SUB IBIPORA    PR;PR;MG1;MG 230 kV IBIPORA MG1 PR;3;230,00
2026-04-27;PRJGI;BPT;Barra Principal e Transferência;5897;1;1;1081;2;JAGUARIAIVA;SUB JAGUARIAIVA   PR;PR;MG1;MG 230 kV JAGUARIAIVA MG1 PR;3;230,00
2026-04-27;PRLNA;BPT;Barra Principal e Transferência;5898;1;1;1086;2;LONDRINA COT;SUB LONDRINA (COPEL-T)    PR;PR;MG1;MG 230 kV LONDRINA COT MG1 PR;3;230,00
2026-04-27;PRMGA;BPT;Barra Principal e Transferência;5899;1;1;1094;2;MARINGA;SUB MARINGA    PR;PR;MG1;MG 230 kV MARINGA MG1 PR;2;230,00
2026-04-27;PRPGN;BPT;Barra Principal e Transferência;5900;1;1;1106;2;PONTA G NORTE;SUB PONTA GROSSA  NORTE   PR;PR;MG1;MG 230 kV PONTA G NORTE MG1 PR;3;230,00
2026-04-27;PRPIL;BPT;Barra Principal e Transferência;5902;1;1;1108;2;PILARZINHO;SUB PILARZINHO    PR;PR;MG1;MG 230 kV PILARZINHO MG1 PR;3;230,00
2026-04-27;PRUBR;BPT;Barra Principal e Transferência;5905;1;1;1154;2;UBERABA;SUB UBERABA    PR;PR;MG1;MG 230 kV UBERABA MG1 PR;3;230,00
2026-04-27;RNACD;;;5906;1;;1395;;ACU II;SUB ACU II     RN;RN;MG1;MG 230 kV ACU II MG1 RN;3;230,00
2026-04-27;RNNTD;BPT;Barra Principal e Transferência;5908;1;1;1405;2;NATAL II;SUB NATAL II    RN;RN;MG1;MG 230 kV NATAL II MG1 RN;3;230,00
2026-04-27;RSALE2;BPT;Barra Principal e Transferência;5909;1;1;1445;1;ALEGRETE 2;SUB ALEGRETE 2 RS;RS;MG1;MG 230 kV ALEGRETE 2 MG1 RS;3;230,00
2026-04-27;RSCAM;BS;Barra Simples;5911;1;3;1460;2;CAMAQUA;SUB CAMAQUA    RS;RS;MG1;MG 230 kV CAMAQUA MG1 RS;3;230,00
2026-04-27;RSCAX2;BPT;Barra Principal e Transferência;5912;1;1;1463;1;CAXIAS SUL 2;SUB CAXIAS DO SUL 2    RS;RS;MG1;MG 230 kV CAXIAS SUL 2 MG1 RS;2;230,00
2026-04-27;RSCAX5;BD4;Barra Dupla a Quatro Chaves;5913;1;4;1464;1;CAXIAS SUL 5;SUB CAXIAS DO SUL 5    RS;RS;MG2;MG 230 kV CAXIAS SUL 5 MG2 RS;3;230,00
2026-04-27;RSCBO;BPT;Barra Principal e Transferência;5914;1;1;1466;2;CAMPO BOM;SUB CAMPO BOM     RS;RS;MG1;MG 230 kV CAMPO BOM MG1 RS;2;230,00
2026-04-27;RSLAJ2;BPT;Barra Principal e Transferência;5921;1;1;1525;;LAJEADO 2;SUB LAJEADO 2     RS;RS;MG1;MG 230 kV LAJEADO 2 MG1 RS;3;230,00
2026-04-27;RSPAL4;BD3;Barra Dupla a três Chaves;5929;1;7;1553;2;PORTO ALEGRE 4;SUB PORTO ALEGRE 4 RS;RS;MG7;MG 230 kV PORTO ALEGRE 4 MG7 RS;4;230,00
2026-04-27;RSPPE;BD3;Barra Dupla a três Chaves;5933;1;7;1570;2;P.PETROQUIMIC;SUB POLO PETROQUIMICO   RS;RS;MG1;MG 230 kV P.PETROQUIMIC MG1 RS;2;230,00
2026-04-27;RSSAG2;BPT;Barra Principal e Transferência;5935;1;1;1576;2;SANTO ANGELO 2;SUB SANTO ANGELO 2 RS;RS;MG1;MG 230 kV SANTO ANGELO 2 MG1 RS;3;230,00
2026-04-27;RSSBO2;BPT;Barra Principal e Transferência;5936;1;1;1581;;SAO BORJA 2;SUB SAO BORJA 2 RS;RS;MG1;MG 230 kV SAO BORJA 2 MG1 RS;3;230,00
2026-04-27;RSSMA3;BD3;Barra Dupla a três Chaves;5938;1;7;1589;2;SANTA MARIA 3;SUB SANTA MARIA 3    RS;RS;MG1;MG 230 kV SANTA MARIA 3 MG1 RS;3;230,00
2026-04-27;RSUITA;BD3;Barra Dupla a três Chaves;5942;1;7;1624;2;ITAUBA;USI ITAUBA     RS;RS;MG1;MG 230 kV ITAUBA MG1 RS;3;230,00
2026-04-27;RSPME;BD3;Barra Dupla a três Chaves;5943;1;7;1566;2;PRE.MEDICI;SUB PRESIDENTE MEDICI   RS;RS;MG1;MG 230 kV PRE.MEDICI MG1 RS;3;230,00
2026-04-27;RSUPRE;BD3;Barra Dupla a três Chaves;5944;1;7;1631;2;PASSO REAL;USI PASSO REAL    RS;RS;MG1;MG 230 kV PASSO REAL MG1 RS;3;230,00
2026-04-27;RSVAI;BS;Barra Simples;5946;1;3;1643;2;V.AIRES;SUB VENANCIO AIRES   RS;RS;MG1;MG 230 kV V.AIRES MG1 RS;3;230,00
2026-04-27;SPAVN;;;5952;1;;1883;;AVARE NOVA;SUB AVARE NOVA    SP;SP;MG1;MG 230 kV AVARE NOVA MG1 SP;3;230,00
2026-04-27;SPBSA;;;5957;1;;1924;;B. SANTISTA;SUB BAIXADA  SANTISTA   SP;SP;MG1;MG 345 kV B. SANTISTA MG1 SP;3;345,00
2026-04-27;SPCPV;;;5961;1;;2034;;CAPIVARA;USI CAPIVARA    SP;SP;MG1;MG 440 kV CAPIVARA MG1 SP;3;440,00
2026-04-27;SPCTR;BD4;Barra Dupla a Quatro Chaves;5962;1;4;2048;;CENTRO-CTR;SUB CENTRO-CTR    SP;SP;MG1;MG 230 kV CENTRO-CTR MG1 SP;4;230,00
2026-04-27;SPESO;;;5964;1;;2096;;EDGARD SOUZA;SUB EDGARD SOUZA     SP;SP;MG1;MG 230 kV EDGARD SOUZA MG1 SP;3;230,00
2026-04-27;SPILS;;;5965;1;;2161;;ILHA SOLTEIRA;USI ILHA SOLTEIRA    SP;SP;MG1;MG 440 kV ILHA SOLTEIRA MG1 SP;3;440,00
2026-04-27;SPINT;;;5966;1;;2167;;INTERLAGOS;SUB INTERLAGOS    SP;SP;MG1;MG 345 kV INTERLAGOS MG1 SP;3;345,00
2026-04-27;SPJUP;;;5968;1;;2208;;JUPIA;USI JUPIA    SP;SP;MG1;MG 440 kV JUPIA MG1 SP;3;440,00
2026-04-27;SPJUR;;;5969;1;;2212;;JURUMIRIM;USI JURUMIRIM     SP;SP;MG1;MG 230 kV JURUMIRIM MG1 SP;3;230,00
2026-04-27;SPMFO;;;5971;1;;2283;;M. FORNASARO;SUB MILTON  FORNASARO   SP;SP;MG1;MG 345 kV M. FORNASARO MG1 SP;2;345,00
2026-04-27;SPMRE;;;5974;1;;2303;;MIGUEL REALE;SUB MIGUEL REALE     SP;SP;MG1;MG 345 kV MIGUEL REALE MG1 SP;3;345,00
2026-04-27;SPPIR;;;5978;1;;2369;;PIRATININGA;SUB PIRATININGA   SP;SP;MG1;MG 230 kV PIRATININGA MG1 SP;3;230,00
2026-04-27;SPPRI;;;5979;1;;2394;;PIRITUBA;SUB PIRITUBA    SP;SP;MG1;MG 230 kV PIRITUBA MG1 SP;3;230,00
2026-04-27;SPRRF;;;5981;1;;2436;;RAM REBERT F;SUB RAMON REBERTE FILHO   SP;SP;MG1;MG 345 kV RAM REBERT F MG1 SP;3;345,00
2026-04-27;SPSAA;;;5982;1;;2441;;SANTO ANGELO;SUB SANTO ANGELO     SP;SP;MG1;MG 440 kV SANTO ANGELO MG1 SP;3;440,00
2026-04-27;SPSBO;;;5984;1;;2468;;SANTA BARBARA;SUB SANTA BARBARA  DOESTE    SP;SP;MG1;MG 440 kV SANTA BARBARA MG1 SP;3;440,00
2026-04-27;SPSJC;;;5987;1;;2511;;S.JOSE CAMPOS;SUB SAO JOSE DOS CAMPOS   SP;SP;MG1;MG 230 kV S.JOSE CAMPOS MG1 SP;2;230,00
2026-04-27;SPSUL;;;5988;1;;2539;;SUL;SUB SUL     SP;SP;MG1;MG 345 kV SUL MG1 SP;3;345,00
2026-04-27;SPSUR;;;5989;1;;2540;;SUMARE;SUB SUMARE     SP;SP;MG1;MG 440 kV SUMARE MG1 SP;3;440,00
2026-04-27;SPTAQ;;;5991;1;;2546;;TAQUARUCU;USI TAQUARUCU     SP;SP;MG1;MG 440 kV TAQUARUCU MG1 SP;3;440,00
2026-04-27;GOUSCB;BD5;Barra Dupla a Cinco Chaves;6008;1;6;311;2;CORUMBA;USI CORUMBA    GO;GO;MG1;MG 345 kV CORUMBA MG1 GO;3;345,00
2026-04-27;MGUSFU;;;6009;1;;713;;FURNAS;USI FURNAS     MG;MG;MG1;MG 345 kV FURNAS MG1 MG;3;345,00
2026-04-27;SPUSLB;;;6012;1;;2658;;L.C.BARRETO;USI LUIZ CARLOS BARRETO   SP;SP;MG1;MG 500 kV L.C.BARRETO MG1 SP;3;500,00
2026-04-27;SPSTMO;BD3;Barra Dupla a três Chaves;6014;1;7;2537;2;MOGI CRUZES;SUB MOGI DAS CRUZES    SP;SP;MG1;MG 345 kV MOGI CRUZES MG1 SP;3;345,00
2026-04-27;RJSTSJ;DJM;Disjuntor e Meio;6016;1;2;1338;2;SAO JOSE;SUB SAO JOSE    RJ;RJ;MG1;MG 500 kV SAO JOSE MG1 RJ;3;500,00
2026-04-27;SPSTCH;ANEL;Anel;6018;1;5;2533;2;C. PAULISTA;SUB CACHOEIRA  PAULISTA   SP;SP;MG1;MG 500 kV C. PAULISTA MG1 SP;3;500,00
2026-04-27;SPSTAR;;;6019;1;;2531;;ARARAQUARA FURNAS;SUB ARARAQUARA FURNAS SP;SP;MG1;MG 500 kV ARARAQUARA FURNAS MG1 SP;3;500,00
2026-04-27;DFSTSB;DJM;Disjuntor e Meio;6023;1;2;188;;SAMAMBAIA;SUB SAMAMBAIA     DF;DF;MG1;MG 500 kV SAMAMBAIA MG1 DF;3;500,00
2026-04-27;PRSTIV;;;6024;1;;1146;;IVAIPORA;SUB IVAIPORA (FURNAS) PR;PR;MG1;MG 750 kV IVAIPORA MG1 PR;3;750,00
2026-04-27;GOSTNQ;BD3;Barra Dupla a três Chaves;6029;1;7;289;2;NIQUELANDIA;SUB NIQUELANDIA   GO;GO;MG1;MG 230 kV NIQUELANDIA MG1 GO;3;230,00
2026-04-27;MGOPR2;DJM;Disjuntor e Meio;6030;1;2;600;;OURO PRETO 2;SUB OURO PRETO 2     MG;MG;MG2;MG 345 kV OURO PRETO 2 MG2 MG;3;345,00
2026-04-27;PEAGL;;;6032;1;;916;;ANGELIM;SUB ANGELIM    PE;PE;MG1;MG 230 kV ANGELIM MG1 PE;3;230,00
2026-04-27;CECPE;BPT;Barra Principal e Transferência;6034;1;1;135;1;CAUIPE;SUB CAUIPE     CE;CE;MG1;MG 230 kV CAUIPE MG1 CE;3;230,00
2026-04-27;PIELM;;;6037;1;;992;;ELISEU MARTIN;SUB ELISEU MARTINS   PI;PI;MG1;MG 230 kV ELISEU MARTIN MG1 PI;3;230,00
2026-04-27;BAUITP;BD3;Barra Dupla a três Chaves;6038;1;7;114;;ITAPEBI;SUB ITAPEBI BA;BA;MG1;MG 230 kV ITAPEBI MG1 BA;3;230,00
2026-04-27;PEVZD;;;6039;1;;987;;JOAIRAM;SUB JOAIRAM    PE;PE;MG1;MG 230 kV JOAIRAM MG1 PE;3;230,00
2026-04-27;ALMCO;BPT;Barra Principal e Transferência;6040;1;1;15;2;MACEIO;SUB MACEIO AL;AL;MG1;MG 230 kV MACEIO MG1 AL;3;230,00
2026-04-27;CEQXA;DJM;Disjuntor e Meio;6042;1;2;157;1;QUIXADA;SUB QUIXADA    CE;CE;MG1;MG 500 kV QUIXADA MG1 CE;3;500,00
2026-04-27;RSTPR2;BD3;Barra Dupla a três Chaves;6046;1;7;1602;;TAPERA 2;SUB TAPERA 2    RS;RS;MG1;MG 230 kV TAPERA 2 MG1 RS;3;230,00
2026-04-27;PRUMB;BD3;Barra Dupla a três Chaves;6047;1;7;1162;2;UMBARA;SUB UMBARA     PR;PR;MG1;MG 230 kV UMBARA MG1 PR;3;230,00
2026-04-27;PRCMO;;;6052;1;;1038;;C.MOURAO;SUB CAMPO MOURAO     PR;PR;MG1;MG 230 kV C.MOURAO MG1 PR;3;230,00
2026-04-27;RSPFU ;;;6057;1;;1563;;PASSO FUNDO;SUB PASSO  FUNDO     RS;RS;MG1;MG 230 kV PASSO FUNDO MG1 RS;3;230,00
2026-04-27;PRSOS;BD3;Barra Dupla a três Chaves;6061;1;7;1139;2;S. OSORIO;SUB SALTO  OSORIO    PR;PR;MG1;MG 230 kV S. OSORIO MG1 PR;3;230,00
2026-04-27;RSCHA;BD5;Barra Dupla a Cinco Chaves;6064;1;6;1468;2;CHARQUEADAS;SUB CHARQUEADAS   RS;RS;MG1;MG 230 kV CHARQUEADAS MG1 RS;3;230,00
2026-04-27;SCCNO;;;6066;1;;1672;;C.NOVOS;SUB CAMPOS NOVOS     SC;SC;MG1;MG 500 kV C.NOVOS MG1 SC;3;500,00
2026-04-27;SCYTA;DJM;Disjuntor e Meio;6067;1;2;1786;2;ITA;SUB ITA     SC;SC;MG1;MG 500 kV ITA MG1 SC;3;500,00
2026-04-27;PRIVP;DJM;Disjuntor e Meio;6069;1;2;1078;2;IVAIPORA;SUB IVAIPORA  (ELETROSUL) PR;PR;MG1;MG 500 kV IVAIPORA MG1 PR;3;500,00
2026-04-27;RSPOL;DJM;Disjuntor e Meio;6071;1;2;1568;2;NOVA STA RITA;SUB NOVA STA RITA    RS;RS;MG1;MG 525 kV NOVA STA RITA MG1 RS;3;525,00
2026-04-27;SCITJ;BPT;Barra Principal e Transferência;6072;1;1;1700;;ITAJAI;SUB ITAJAI     SC;SC;MG1;MG 230 kV ITAJAI MG1 SC;3;230,00
2026-04-27;SCJLA;;;6074;1;;1701;;J.LACERDA-A;SUB JORGE LACERDA-A    SC;SC;MG1;MG 230 kV J.LACERDA-A MG1 SC;3;230,00
2026-04-27;SCJLB;BD5;Barra Dupla a Cinco Chaves;6076;1;6;1702;2;J.LACERDA-B;SUB JORGE LACERDA-B    SC;SC;MG1;MG 230 kV J.LACERDA-B MG1 SC;3;230,00
2026-04-27;SCMCH;;;6077;1;;1715;;MACHADINHO;SUB MACHADINHO    SC;SC;MG1;MG 500 kV MACHADINHO MG1 SC;3;500,00
2026-04-27;PRSSA;DJM;Disjuntor e Meio;6078;1;2;1142;2;S.SANTIAGO;SUB SALTO SANTIAGO   PR;PR;MG1;MG 500 kV S.SANTIAGO MG1 PR;3;500,00
2026-04-27;TOCO;;;6079;1;;2731;;COLINAS;SUB COLINAS    TO;TO;MG4;MG 500 kV COLINAS MG4 TO;3;500,00
2026-04-27;GOUSSM;DJM;Disjuntor e Meio;6083;1;2;314;2;UHE S.DA MESA;USI SERRA DA MESA    GO;GO;MG2;MG 500 kV UHE S.DA MESA MG2 GO;4;500,00
2026-04-27;MGIRAE;;;6084;1;;459;;IRAPE;SUB IRAPE;MG;MG1;MG 345 kV IRAPE MG1 MG;3;345,00
2026-04-27;BASPU;DJM;Disjuntor e Meio;6085;1;2;100;1;SAPEACU;SUB SAPEACU    BA;BA;MG1;MG 500 kV SAPEACU MG1 BA;3;500,00
2026-04-27;SPASS;DJM;Disjuntor e Meio;6086;1;2;1869;;ASSIS;SUB ASSIS    SP;SP;MG3;MG 500 kV ASSIS MG3 SP;2;500,00
2026-04-27;MTCB;DJM;Disjuntor e Meio;6088;1;2;800;1;CUIABA;SUB CUIABA     MT;MT;MG1;MG 500 kV CUIABA MG1 MT;2;500,00
2026-04-27;PIRGO;DJM;Disjuntor e Meio;6095;1;2;998;;RIB.GONCALVES;SUB RIBEIRO GONCALVES   PI;PI;MG2;MG 500 kV RIB.GONCALVES MG2 PI;3;500,00
2026-04-27;SCBLU;;;6099;1;;1659;;BLUMENAU;SUB BLUMENAU    SC;SC;MG2;MG 500 kV BLUMENAU MG2 SC;3;500,00
2026-04-27;SPANH;BD3;Barra Dupla a três Chaves;6102;1;7;1846;;ANHANGUERA SP;SUB ANHANGUERA    SP;SP;MG1;MG 345 kV ANHANGUERA SP MG1 SP;2;345,00
2026-04-27;SPARA;;;6103;1;;1851;;ARARAQUARA;SUB ARARAQUARA    SP;SP;MG1;MG 440 kV ARARAQUARA MG1 SP;3;440,00
2026-04-27;SPPJU;;;6105;1;;2375;;PIRAJU;USI PIRAJU     SP;SP;MG1;MG 230 kV PIRAJU MG1 SP;3;230,00
2026-04-27;SPCBA2;;;6107;1;;1951;;CIA.B.ALUM.2;SUB CIA.BRASILEIRA ALUMINIO 2   SP;SP;MG1;MG 440 kV CIA.B.ALUM.2 MG1 SP;3;440,00
2026-04-27;PRSMC;BD4;Barra Dupla a Quatro Chaves;6108;1;4;1136;;SANTA MONICA;SUB SANTA MONICA     PR;PR;MG1;MG 230 kV SANTA MONICA MG1 PR;3;230,00
2026-04-27;PRPFL;BD4;Barra Dupla a Quatro Chaves;6109;1;4;1103;1;POSTO FISCAL;SUB POSTO FISCAL     PR;PR;MG1;MG 230 kV POSTO FISCAL MG1 PR;2;230,00
2026-04-27;PRARE;;;6112;1;;1016;;AREIA;SUB AREIA    PR;PR;MG1;MG 230 kV AREIA MG1 PR;3;230,00
2026-04-27;RSOSO2;;;6118;1;;1545;;OSORIO 2;SUB OSORIO 2    RS;RS;MG2;MG 230 kV OSORIO 2 MG2 RS;3;230,00
2026-04-27;RSGRA3;BD4;Barra Dupla a Quatro Chaves;6119;1;4;1514;;GRAVATAI 3;SUB GRAVATAI 3 RS;RS;MG1;MG 230 kV GRAVATAI 3 MG1 RS;2;230,00
2026-04-27;RSATL2;BD4;Barra Dupla a Quatro Chaves;6120;1;4;1448;;ATLANTIDA 2;SUB ATLANTIDA 2   RS;RS;MG1;MG 230 kV ATLANTIDA 2 MG1 RS;3;230,00
2026-04-27;RSLGR;;;6121;1;;1527;;L.GRANDE;SUB LAJEADO GRANDE   RS;RS;MG1;MG 230 kV L.GRANDE MG1 RS;3;230,00
2026-04-27;RSMCL;;;6122;1;;1535;;MONTE CLARO;SUB MONTE CLARO   RS;RS;MG1;MG 230 kV MONTE CLARO MG1 RS;3;230,00
2026-04-27;SPSUR;;;6123;1;;2540;;SUMARE;SUB SUMARE     SP;SP;MG2;MG 440 kV SUMARE MG2 SP;3;440,00
2026-04-27;MAIZ;;;6126;1;;325;;IMPERATRIZ;SUB IMPERATRIZ    MA;MA;MG2;MG 500 kV IMPERATRIZ MG2 MA;2;500,00
2026-04-27;SPSTIN;;;6129;1;;2536;;IBIUNA;SUB IBIUNA     SP;SP;MG1;MG 500 kV IBIUNA MG1 SP;3;500,00
2026-04-27;TOCO;;;6133;1;;2731;;COLINAS;SUB COLINAS    TO;TO;MG2;MG 500 kV COLINAS MG2 TO;3;500,00
2026-04-27;SPASS;;;6137;1;;1869;;ASSIS;SUB ASSIS    SP;SP;MG2;MG 440 kV ASSIS MG2 SP;3;440,00
2026-04-27;MTCB;;;6139;1;;800;;CUIABA;SUB CUIABA     MT;MT;MG2;MG 230 kV CUIABA MG2 MT;3;230,00
2026-04-27;RSCNA2;BD4;Barra Dupla a Quatro Chaves;6142;1;4;1474;1;CANOAS 2;SUB CANOAS 2 CEEE    RS;RS;MG1;MG 230 kV CANOAS 2 MG1 RS;3;230,00
2026-04-27;RSUDFR;;;6143;1;;1612;;U.D.FRANCISCA;USI DONA FRANCISCA   RS;RS;MG1;MG 230 kV U.D.FRANCISCA MG1 RS;3;230,00
2026-04-27;GOSTPP;BD3;Barra Dupla a três Chaves;6148;1;7;290;;PIRINEUS;SUB PIRINEUS    GO;GO;MG1;MG 345 kV PIRINEUS MG1 GO;3;345,00
2026-04-27;PEAGD;DJM;Disjuntor e Meio;6149;1;2;915;2;ANGELIM II;SUB ANGELIM II    PE;PE;MG2;MG 500 kV ANGELIM II MG2 PE;3;500,00
2026-04-27;PACJ;BD3;Barra Dupla a três Chaves;6151;1;7;866;;CARAJAS;SUB CARAJAS-ELETRONORTE   PA;PA;MG1;MG 230 kV CARAJAS MG1 PA;3;230,00
2026-04-27;GOUSSM;DJM;Disjuntor e Meio;6153;1;2;314;2;UHE S.DA MESA;USI SERRA DA MESA    GO;GO;MG1;MG 500 kV UHE S.DA MESA MG1 GO;4;500,00
2026-04-27;PRLON;;;6154;1;;1087;;LONDRINA ESU;SUB LONDRINA    PR;PR;MG2;MG 500 kV LONDRINA ESU MG2 PR;3;500,00
2026-04-27;BAJGR;BD3;Barra Dupla a três Chaves;6155;1;7;73;1;JAGUARARI-SE;SUB JAGUARARI-SE     BA;BA;MG1;MG 230 kV JAGUARARI-SE MG1 BA;3;230,00
2026-04-27;RJSTMH;DJM;Disjuntor e Meio;6159;1;2;1334;1;MACAE MERCHAN;SUB MACAE MERCHANT   RJ;RJ;MG2;MG 345 kV MACAE MERCHAN MG2 RJ;3;345,00
2026-04-27;SCLAG;;;6162;1;;1712;;LAGES;SUB LAGES    SC;SC;MG1;MG 230 kV LAGES MG1 SC;3;230,00
2026-04-27;GOLUZI;DJM;Disjuntor e Meio;6164;1;2;264;1;LUZIANIA;SUB LUZIANIA    GO;GO;MG1;MG 500 kV LUZIANIA MG1 GO;3;500,00
2026-04-27;DFSTSB;DJM;Disjuntor e Meio;6165;1;2;188;2;SAMAMBAIA;SUB SAMAMBAIA     DF;DF;MG3;MG 500 kV SAMAMBAIA MG3 DF;3;500,00
2026-04-27;BATMB;BPT;Barra Principal e Transferência;6194;1;1;107;1;TOMBA;SUB TOMBA    BA;BA;MG1;MG 230 kV TOMBA MG1 BA;3;230,00
2026-04-27;ESMASC;BD4;Barra Dupla a Quatro Chaves;6195;1;4;203;1;U.MASCARENHAS;USI MASCARENHAS   ES;ES;MG1;MG 230 kV U.MASCARENHAS MG1 ES;3;230,00
2026-04-27;MSCGR;BD5;Barra Dupla a Cinco Chaves;14284;1;6;751;1;CAMPO GRANDE;SUB CAMPO GRANDE     MS;MS;MG1;MG 138 kV CAMPO GRANDE MG1 MS;3;138,00
2026-04-27;PRCMO;BPT;Barra Principal e Transferência;14292;1;1;1038;2;C.MOURAO;SUB CAMPO MOURAO     PR;PR;MG2;MG 230 kV C.MOURAO MG2 PR;3;230,00
2026-04-27;SCITA;BD3;Barra Dupla a três Chaves;14644;1;7;1699;1;ILHOTA;SUB ILHOTA     SC;SC;MG1;MG 138 kV ILHOTA MG1 SC;4;138,00
2026-04-27;MGPAT4;DJM;Disjuntor e Meio;14869;1;2;605;;PARACATU 4;SUB PARACATU 4    MG;MG;MG2;MG 500 kV PARACATU 4 MG2 MG;3;500,00
2026-04-27;PRBTA;DJM;Disjuntor e Meio;14875;1;2;1024;;BATEIAS;SUB BATEIAS    PR;PR;MG2;MG 500 kV BATEIAS MG2 PR;3;500,00
2026-04-27;MGEMBO;DJM;Disjuntor e Meio;14951;1;2;427;2;EMBORCACAO;USI EMBORCACAO    MG;MG;MG2;MG 500 kV EMBORCACAO MG2 MG;3;500,00
2026-04-27;SCBGR;;;14954;1;;1656;;BARRA GRANDE;SUB BARRA GRANDE     SC;SC;MG2;MG 230 kV BARRA GRANDE MG2 SC;3;230,00
2026-04-27;TOCO;;;14963;1;;2731;;COLINAS;SUB COLINAS    TO;TO;MG5;MG 500 kV COLINAS MG5 TO;3;500,00
2026-04-27;PISJI;DJM;Disjuntor e Meio;14964;1;2;999;;S.JOAO PIAUI;SUB SAO JOAO PIAUI   PI;PI;MG3;MG 500 kV S.JOAO PIAUI MG3 PI;3;500,00
2026-04-27;CEMLG;DJM;Disjuntor e Meio;14965;1;2;153;;MILAGRES;SUB MILAGRES    CE;CE;MG2;MG 500 kV MILAGRES MG2 CE;3;500,00
2026-04-27;MGSTES;DJM;Disjuntor e Meio;14968;1;2;676;0;ESTREITO;SUB ESTREITO    MG;MG;MG2;MG 500 kV ESTREITO MG2 MG;3;500,00
2026-04-27;MGNEVE;;;14969;1;;591;2;NEVES 1;SUB NEVES 1    MG;MG;MG2;MG 500 kV NEVES 1 MG2 MG;3;500,00
2026-04-27;SPJAL ;BD3;Barra Dupla a três Chaves;15795;1;7;2195;1;JALES;SUB JALES    SP;SP;MG1;MG 138 kV JALES MG1 SP;3;138,00
2026-04-27;SPITV ;BD5;Barra Dupla a Cinco Chaves;15822;1;6;2187;1;ITAPEVA;SUB ITAPEVA    SP;SP;MG1;MG 138 kV ITAPEVA MG1 SP;2;138,00
2026-04-27;MTCM;BS;Barra Simples;15969;1;3;801;;C. MAGALHAES;SUB COUTO  MAGALHAES    MT;MT;MG1;MG 138 kV C. MAGALHAES MG1 MT;2;138,00
2026-04-27;PATU;BS;Barra Simples;15977;1;3;888;;TUCURUI VILA;SUB TUCURUI VILA PA;PA;MG1;MG 69 kV TUCURUI VILA MG1 PA;3;69,00
2026-04-27;SCFLO;BD3;Barra Dupla a três Chaves;16027;1;7;1690;2;FLORIANOPOLIS;SUB FLORIANOPOLIS    SC;SC;MG1;MG 138 kV FLORIANOPOLIS MG1 SC;4;138,00
2026-04-27;RJUSSC;BD5;Barra Dupla a Cinco Chaves;16084;1;6;1377;2;SANTA CRUZ;USI SANTA CRUZ    RJ;RJ;MG1;MG 138 kV SANTA CRUZ MG1 RJ;3;138,00
2026-04-27;RJSTRL;BPT;Barra Principal e Transferência;16120;1;1;1335;2;ROCHA LEAO;SUB ROCHA LEAO    RJ;RJ;MG1;MG 138 kV ROCHA LEAO MG1 RJ;3;138,00
2026-04-27;RJUSFL;BD3;Barra Dupla a três Chaves;16450;1;7;1375;2;FUNIL;USI FUNIL    RJ;RJ;MG1;MG 138 kV FUNIL MG1 RJ;3;138,00
2026-04-27;BAZBU;BPT;Barra Principal e Transferência;16517;1;1;129;0;ZEBU;SUB ZEBU     AL;AL;MG1;MG 69 kV ZEBU MG1 AL;3;69,00
2026-04-27;BAMXT;BS;Barra Simples;16550;1;3;81;0;MOXOTO;SUB MOXOTO     BA;BA;MG1;MG 69 kV MOXOTO MG1 BA;3;69,00
2026-04-27;BAMLU ;BS;Barra Simples;16557;1;3;79;0;MULUNGU;SUB MULUNGU    BA;BA;MG1;MG 69 kV MULUNGU MG1 BA;3;69,00
2026-04-27;SPTIE;;;16571;1;;2597;;TIETE;SUB TIETE    SP;SP;MG1;MG 138 kV TIETE MG1 SP;3;138,00
2026-04-27;SPRIC1;;;16572;1;;2423;;RIO CLARO 1;SUB RIO CLARO 1 SP;SP;MG1;MG 138 kV RIO CLARO 1 MG1 SP;3;138,00
2026-04-27;SPCER;BS;Barra Simples;16575;1;3;1976;0;CERQUILHO;SUB CERQUILHO     SP;SP;MG1;MG 88 kV CERQUILHO MG1 SP;3;88,00
2026-04-27;RJNLP;BD2;Barra dupla a duas Chaves;16594;1;8;1281;;NILO PECANHA;USI NILO PECANHA     RJ;RJ;MG1;MG 138 kV NILO PECANHA MG1 RJ;3;138,00
2026-04-27;RJFTN;BD2;Barra dupla a duas Chaves;16600;1;8;1248;;FONTES NOVA;USI FONTES NOVA   RJ;RJ;MG1;MG 138 kV FONTES NOVA MG1 RJ;3;138,00
2026-04-27;BAUFL ;BD4;Barra Dupla a Quatro Chaves;16941;1;4;112;1;US. FUNIL;USI FUNIL    BA;BA;MG1;MG 115 kV US. FUNIL MG1 BA;3;115,00
2026-04-27;PRSTF5;DJM;Disjuntor e Meio;17311;1;2;1144;2;F.IGUACU 50HZ;SUB FOZ DO IGUACU 50HZ    PR;PR;MG1;MG 500 kV F.IGUACU 50HZ MG1 PR;3;500,00
2026-04-27;MGJGSE;BD3;Barra Dupla a três Chaves;17324;1;7;477;;JAGUARA-US;USI JAGUARA-US    MG;MG;MG1;MG 345 kV JAGUARA-US MG1 MG;3;345,00
2026-04-27;RJUSGO;BS;Barra Simples;17351;1;3;1376;2;SAO GONCALO;USI SAO GONCALO   RJ;RJ;MG1;MG 69 kV SAO GONCALO MG1 RJ;4;69,00
2026-04-27;RJUSCP;BPT;Barra Principal e Transferência;17459;1;1;1374;2;USI CAMPOS;USI CAMPOS     RJ;RJ;MG1;MG 138 kV USI CAMPOS MG1 RJ;3;138,00
2026-04-27;PRGBM ;BD3;Barra Dupla a três Chaves;17523;1;7;1062;1;BENTO MUNHOZ;USI GOV. BENTO MUNHOZ   PR;PR;MG1;MG 500 kV BENTO MUNHOZ MG1 PR;3;500,00
2026-04-27;MGITUT;;;17696;1;;469;;ITUTINGA-US;USI ITUTINGA-US   MG;MG;MG1;MG 138 kV ITUTINGA-US MG1 MG;4;138,00
2026-04-27;RSUBUG;;;17721;1;;1609;0;BUGRES;USI BUGRES     RS;RS;MG1;MG 69 kV BUGRES MG1 RS;3;69,00
2026-04-27;RSCAL1;BS;Barra Simples;17746;1;3;1459;1;CRUZ ALTA 1;SUB CRUZ ALTA1 RS;RS;MG1;MG 138 kV CRUZ ALTA 1 MG1 RS;3;138,00
2026-04-27;RSUJAC;BPT;Barra Principal e Transferência;17804;1;1;1626;2;JACUI;USI JACUI    RS;RS;MG1;MG 138 kV JACUI MG1 RS;3;138,00
2026-04-27;SPCAC;BD3;Barra Dupla a três Chaves;17878;1;7;1931;0;CACONDE;USI CACONDE    SP;SP;MG1;MG 138 kV CACONDE MG1 SP;3;138,00
2026-04-27;RSPAN;BS;Barra Simples;18014;1;3;2802;0;PANAMBI;SUB PANAMBI RS;RS;MG1;MG 69 kV PANAMBI MG1 RS;3;69,00
2026-04-27;SPEUC;BD3;Barra Dupla a três Chaves;18027;1;7;2101;;E.CUNHA;USI EUCLIDES DA CUNHA   SP;SP;MG1;MG 138 kV E.CUNHA MG1 SP;3;138,00
2026-04-27;SPJAG;BS;Barra Simples;18029;1;3;2194;;JAGUARI;USI JAGUARI    SP;SP;MG1;MG 88 kV JAGUARI MG1 SP;3;88,00
2026-04-27;SPPPR1;BS;Barra Simples;18065;1;3;2389;;PORTO PRIMAVERA;SUB PORTO PRIMAVERA    SP;SP;MG1;MG 138 kV PORTO PRIMAVERA MG1 SP;3;138,00
2026-04-27;SPPRO;BD3;Barra Dupla a três Chaves;18069;1;7;2397;;PROMISSAO;USI PROMISSAO     SP;SP;MG1;MG 138 kV PROMISSAO MG1 SP;3;138,00
2026-04-27;SPVIC;BD3;Barra Dupla a três Chaves;18134;1;7;2683;;VIC. CARVALHO;SUB VICENTE  CARVALHO   SP;SP;MG1;MG 138 kV VIC. CARVALHO MG1 SP;3;138,00
2026-04-27;SPCAD;BPT;Barra Principal e Transferência;18368;1;1;1932;0;CARDOSO;SUB CARDOSO    SP;SP;MG1;MG 138 kV CARDOSO MG1 SP;3;138,00
2026-04-27;MGSSSE;DJM;Disjuntor e Meio;18372;1;2;673;0;SAO SIMAO-SE;SUB SAO SIMAO-SE     MG;MG;MG2;MG 500 kV SAO SIMAO-SE MG2 MG;3;500,00
2026-04-27;SPCBR;BS;Barra Simples;18379;1;3;1964;0;CASA BRANCA;SUB CASA BRANCA   SP;SP;MG1;MG 138 kV CASA BRANCA MG1 SP;3;138,00
2026-04-27;SPCAT;BD3;Barra Dupla a três Chaves;18387;1;7;1943;1;CATANDUVA;SUB CATANDUVA-CTEEP    SP;SP;MG1;MG 138 kV CATANDUVA MG1 SP;3;138,00
2026-04-27;PATC;;;18404;1;;885;0;TUCURUI;SUB TUCURUI    PA;PA;MG5;MG 500 kV TUCURUI MG5 PA;3;500,00
2026-04-27;SPIBI;BD3;Barra Dupla a três Chaves;18428;1;7;2148;1;IBITINGA;USI IBITINGA    SP;SP;MG1;MG 138 kV IBITINGA MG1 SP;3;138,00
2026-04-27;SPILS1;BPT;Barra Principal e Transferência;18434;1;1;2162;1;ILHA SOLTEIRA 1;SUB ILHA SOLTEIRA SP;SP;MG1;MG 138 kV ILHA SOLTEIRA 1 MG1 SP;3;138,00
2026-04-27;SPITP1;BS;Barra Simples;18452;1;3;2183;0;ITAPETININGA 1;SUB ITAPETININGA 1 SP;SP;MG1;MG 88 kV ITAPETININGA 1 MG1 SP;3;88,00
2026-04-27;SPITR1;BS;Barra Simples;18482;1;3;2185;0;ITARARE I;SUB ITARARE I     SP;SP;MG1;MG 69 kV ITARARE I MG1 SP;3;69,00
2026-04-27;SPJGU;BPT;Barra Principal e Transferência;18512;1;1;2199;0;JAGUARIUNA;SUB JAGUARIUNA    SP;SP;MG1;MG 138 kV JAGUARIUNA MG1 SP;2;138,00
2026-04-27;SPLIM1;BD3;Barra Dupla a três Chaves;18518;1;7;2238;1;LIMEIRA 1;SUB LIMEIRA 1 SP;SP;MG1;MG 138 kV LIMEIRA 1 MG1 SP;3;138,00
2026-04-27;SPLMO;BD3;Barra Dupla a três Chaves;18535;1;7;2244;1;LIMOEIRO;USI LIMOEIRO    SP;SP;MG1;MG 138 kV LIMOEIRO MG1 SP;3;138,00
2026-04-27;SPMOC;BS;Barra Simples;18597;1;3;2294;0;MOCOCA;SUB MOCOCA     SP;SP;MG1;MG 138 kV MOCOCA MG1 SP;3;138,00
2026-04-27;SPMOG1;BD3;Barra Dupla a três Chaves;18610;1;7;2296;1;MOGI GUACU I;SUB MOGI GUACU I     SP;SP;MG1;MG 138 kV MOGI GUACU I MG1 SP;2;138,00
2026-04-27;SPPAR;BD3;Barra Dupla a três Chaves;18671;1;7;2343;0;PARAIBUNA;USI PARAIBUNA     SP;SP;MG1;MG 138 kV PARAIBUNA MG1 SP;3;138,00
2026-04-27;SPPEN;BS;Barra Simples;18683;1;3;2352;0;PENAPOLIS;SUB PENAPOLIS     SP;SP;MG1;MG 138 kV PENAPOLIS MG1 SP;3;138,00
2026-04-27;SPPOF;BD3;Barra Dupla a três Chaves;18689;1;7;2383;1;P.FERREIRA;SUB PORTO FERREIRA   SP;SP;MG1;MG 138 kV P.FERREIRA MG1 SP;2;138,00
2026-04-27;SPRIP;BD3;Barra Dupla a três Chaves;18820;1;7;2427;1;RIO PARDO;SUB RIO PARDO     SP;SP;MG1;MG 138 kV RIO PARDO MG1 SP;3;138,00
2026-04-27;SPSAC;BD3;Barra Dupla a três Chaves;18873;1;7;2447;1;SAO CARLOS;SUB SAO CARLOS    SP;SP;MG1;MG 138 kV SAO CARLOS MG1 SP;3;138,00
2026-04-27;SPSJB2;BD3;Barra Dupla a três Chaves;18874;1;7;2510;1;S.J.B.VISTA II;SUB SAO JOAO BOAVISTA II SP;SP;MG1;MG 138 kV S.J.B.VISTA II MG1 SP;3;138,00
2026-04-27;SPSJR;BD3;Barra Dupla a três Chaves;18876;1;7;2515;1;S.J.RIO PRETO;SUB SAO JOSE DO RIO PRETO    SP;SP;MG1;MG 138 kV S.J.RIO PRETO MG1 SP;3;138,00
2026-04-27;SPVAL;BPT;Barra Principal e Transferência;18943;1;1;2669;1;VALPARAISO;SUB VALPARAISO    SP;SP;MG1;MG 138 kV VALPARAISO MG1 SP;2;138,00
2026-04-27;ROSM;BD4;Barra Dupla a Quatro Chaves;20197;1;4;1431;;SAMUEL;SUB SAMUEL     RO;RO;MG1;MG 230 kV SAMUEL MG1 RO;3;230,00
2026-04-27;PRSGD1;DJM;Disjuntor e Meio;20282;1;2;2835;1;SEGREDO;SUB SEGREDO PR;PR;MG1;MG 500 kV SEGREDO MG1 PR;3;500,00
2026-04-27;MGUBAG;BD4;Barra Dupla a Quatro Chaves;20362;1;4;688;0;BAGUARI;USI BAGUARI    MG;MG;MG1;MG 230 kV BAGUARI MG1 MG;3;230,00
2026-04-27;PRCBA;DJM;Disjuntor e Meio;20971;1;2;1027;0;CURITIBA;SUB CURITIBA    PR;PR;MG2;MG 500 kV CURITIBA MG2 PR;3;500,00
2026-04-27;SPGSP;DJM;Disjuntor e Meio;21580;1;2;2137;2;GERDAU SP;SUB GERDAU SP     SP;SP;MG1;MG 440 kV GERDAU SP MG1 SP;3;440,00
2026-04-27;SPCCL;ANEL;Anel;21613;1;5;1967;1;CARBOCLORO;SUB CARBOCLORO    SP;SP;MG1;MG 230 kV CARBOCLORO MG1 SP;3;230,00
2026-04-27;BAPLO;BD4;Barra Dupla a Quatro Chaves;22040;1;4;86;1;POLO;SUB POLO     BA;BA;MG1;MG 230 kV POLO MG1 BA;3;230,00
2026-04-27;MGPORT;BD4;Barra Dupla a Quatro Chaves;22046;1;4;630;1;PORTO ESTRELA;USI PORTO ESTRELA    MG;MG;MG1;MG 230 kV PORTO ESTRELA MG1 MG;3;230,00
2026-04-27;MGAISE;BD4;Barra Dupla a Quatro Chaves;22056;1;4;344;1;AIMORES-SE;SUB AIMORES-SE    MG;MG;MG1;MG 230 kV AIMORES-SE MG1 MG;3;230,00
2026-04-27;RSGBI1;BD3;Barra Dupla a três Chaves;23008;1;7;1510;2;CV.GARABI 1;SUB CONVERSORA GARABI 1   RS;RS;MG1;MG 500 kV CV.GARABI 1 MG1 RS;2;500,00
2026-04-27;SCYTA;DJM;Disjuntor e Meio;23034;1;2;1786;;ITA;SUB ITA     SC;SC;MG2;MG 500 kV ITA MG2 SC;3;500,00
2026-04-27;RSGBI2;BD3;Barra Dupla a três Chaves;23068;1;7;3082;;CV.GARABI 2;SUB CONVERSORA GARABI 2 RS;RS;MG1;MG 500 kV CV.GARABI 2 MG1 RS;2;500,00
2026-04-27;SCYTA;DJM;Disjuntor e Meio;23073;1;2;1786;;ITA;SUB ITA     SC;SC;MG3;MG 500 kV ITA MG3 SC;4;500,00
2026-04-27;SPCUB1;BD4;Barra Dupla a Quatro Chaves;23221;1;4;2844;0;PBR CUBATAO;SUB PBR CUBATAO SP;SP;MG1;MG 230 kV PBR CUBATAO MG1 SP;3;230,00
2026-04-27;PRSTF6;DJM;Disjuntor e Meio;23265;1;2;1145;;F.IGUACU 60HZ;SUB FOZ DO IGUACU 60HZ    PR;PR;MG2;MG 500 kV F.IGUACU 60HZ MG2 PR;3;500,00
2026-04-27;SPCTT;;;24034;1;;2049;;CENTRO-CTT;SUB CENTRO-CTT    SP;SP;MG1;MG 230 kV CENTRO-CTT MG1 SP;3;230,00
2026-04-27;SPPPR;BD3;Barra Dupla a três Chaves;24086;1;7;2388;;P. PRIMAVERA;USI PORTO  PRIMAVERA    SP;SP;MG1;MG 440 kV P. PRIMAVERA MG1 SP;3;440,00
2026-04-27;SPARA2;DJM;Disjuntor e Meio;24138;1;2;2843;;ARARAQUARA 2;SUB ARARAQUARA 2 SP;SP;MG2;MG 500 kV ARARAQUARA 2 MG2 SP;3;500,00
2026-04-27;SPARA2;DJM;Disjuntor e Meio;24142;1;2;2843;;ARARAQUARA 2;SUB ARARAQUARA 2 SP;SP;MG3;MG 500 kV ARARAQUARA 2 MG3 SP;3;500,00
2026-04-27;SPARA2;DJM;Disjuntor e Meio;24146;1;2;2843;;ARARAQUARA 2;SUB ARARAQUARA 2 SP;SP;MG4;MG 500 kV ARARAQUARA 2 MG4 SP;3;500,00
2026-04-27;ROCPH;DJM;Disjuntor e Meio;24157;1;2;2847;;COLETORA PORTO VELHO;SUB COLETORA PORTO VELHO  RO;RO;MG2;MG 500 kV COLETORA PORTO VELHO MG2 RO;3;500,00
2026-04-27;ROCPH;DJM;Disjuntor e Meio;24159;1;2;2847;;COLETORA PORTO VELHO;SUB COLETORA PORTO VELHO  RO;RO;MG3;MG 500 kV COLETORA PORTO VELHO MG3 RO;3;500,00
2026-04-27;SCFHA;BD4;Barra Dupla a Quatro Chaves;24166;1;4;1688;;FORQUILHINHA;SUB FORQUILHINHA     SC;SC;MG2;MG 230 kV FORQUILHINHA MG2 SC;3;230,00
2026-04-27;RSSTA;DJM;Disjuntor e Meio;24301;1;2;1596;;SANTO ANGELO;SUB SANTO ANGELO     RS;RS;MG2;MG 500 kV SANTO ANGELO MG2 RS;3;500,00
2026-04-27;RSPOL;DJM;Disjuntor e Meio;25016;1;2;1568;0;NOVA STA RITA;SUB NOVA STA RITA    RS;RS;MG2;MG 525 kV NOVA STA RITA MG2 RS;3;525,00
2026-04-27;MAAC;DJM;Disjuntor e Meio;25017;1;2;319;0;ACAILANDIA;SUB ACAILANDIA    MA;MA;MG2;MG 500 kV ACAILANDIA MG2 MA;3;500,00
2026-04-27;MAMR;DJM;Disjuntor e Meio;25018;1;2;329;0;MIRANDA II;SUB MIRANDA II    MA;MA;MG2;MG 500 kV MIRANDA II MG2 MA;3;500,00
2026-04-27;SCYTA;DJM;Disjuntor e Meio;25019;1;2;1786;0;ITA;SUB ITA     SC;SC;MG4;MG 500 kV ITA MG4 SC;3;500,00
2026-04-27;PRSSA;DJM;Disjuntor e Meio;25020;1;2;1142;0;S.SANTIAGO;SUB SALTO SANTIAGO   PR;PR;MG2;MG 500 kV S.SANTIAGO MG2 PR;3;500,00
2026-04-27;PEULG;DJM;Disjuntor e Meio;25021;1;2;980;0;US. L.GONZAGA;USI LUIZ GONZAGA     PE;PE;MG2;MG 500 kV US. L.GONZAGA MG2 PE;3;500,00
2026-04-27;SPSTTP;DJM;Disjuntor e Meio;25199;1;2;2538;;TIJUCO PRETO;SUB TIJUCO PRETO     SP;SP;MG2;MG 345 kV TIJUCO PRETO MG2 SP;3;345,00
2026-04-27;AMJTX;BD4;Barra Dupla a Quatro Chaves;25232;1;4;2915;;JORGE TEIXEIRA;SUB JORGE TEIXEIRA AM;AM;MG1;MG 230 kV JORGE TEIXEIRA MG1 AM;3;230,00
2026-04-27;SPSTTP;;;25306;1;;2538;;TIJUCO PRETO;SUB TIJUCO PRETO     SP;SP;MG3;MG 345 kV TIJUCO PRETO MG3 SP;3;345,00
2026-04-27;MTRB;;;25324;1;;836;0;RIBEIRAOZINHO;SUB RIBEIRAOZINHO    MT;MT;MG2;MG 500 kV RIBEIRAOZINHO MG2 MT;3;500,00
2026-04-27;PBCTM;BD4;Barra Dupla a Quatro Chaves;25836;1;4;2895;1;COTEMINAS;SUB COTEMINAS PB;PB;MG1;MG 230 kV COTEMINAS MG1 PB;3;230,00
2026-04-27;PRMAU;BD4;Barra Dupla a Quatro Chaves;25842;1;4;3025;;UHE MAUA;USI UHE MAUA    PR;PR;MG1;MG 230 kV UHE MAUA MG1 PR;3;230,00
2026-04-27;SPTOY;BD4;Barra Dupla a Quatro Chaves;25852;1;4;2943;1;TOYOTA;SUB TOYOTA SP;SP;MG1;MG 230 kV TOYOTA MG1 SP;3;230,00
2026-04-27;SPJAN-4;DJM;Disjuntor e Meio;25856;1;2;2867;;JANDIRA;SUB JANDIRA SP;SP;MG2;MG 440 kV JANDIRA MG2 SP;4;440,00
2026-04-27;SPSTO-4;DJM;Disjuntor e Meio;25857;1;2;2868;;SALTO;SUB SALTO SP;SP;MG2;MG 440 kV SALTO MG2 SP;3;440,00
2026-04-27;SPARS;DJM;Disjuntor e Meio;25858;1;2;1863;;ARARAS;SUB ARARAS     SP;SP;MG2;MG 440 kV ARARAS MG2 SP;4;440,00
2026-04-27;SPGET;DJM;Disjuntor e Meio;25859;1;2;2125;;GETULINA;SUB GETULINA    SP;SP;MG2;MG 440 kV GETULINA MG2 SP;4;440,00
2026-04-27;SPMSOL;DJM;Disjuntor e Meio;25860;1;2;2305;;MIRASSOL II;SUB MIRASSOL II   SP;SP;MG2;MG 440 kV MIRASSOL II MG2 SP;3;440,00
2026-04-27;MGVSB;DJM;Disjuntor e Meio;25865;1;2;2907;0;JECEABA;SUB JECEABA MG;MG;MG1;MG 345 kV JECEABA MG1 MG;3;345,00
2026-04-27;MGPIRD;BPT;Barra Principal e Transferência;25870;1;1;617;;PIRAPORA 2;SUB PIRAPORA 2    MG;MG;MG3;MG 345 kV PIRAPORA 2 MG3 MG;3;345,00
2026-04-27;SPSTAR;;;25879;1;;2531;;ARARAQUARA FURNAS;SUB ARARAQUARA FURNAS SP;SP;MG2;MG 500 kV ARARAQUARA FURNAS MG2 SP;3;500,00
2026-04-27;SPARA;;;25880;1;;1851;;ARARAQUARA;SUB ARARAQUARA    SP;SP;MG2;MG 440 kV ARARAQUARA MG2 SP;3;440,00
2026-04-27;PIGBD;DJM;Disjuntor e Meio;26094;1;2;3147;0;GILBUES II;SUB GILBUES II PI;PI;MG2;MG 500 kV GILBUES II MG2 PI;3;500,00
2026-04-27;MGPIRD;DJM;Disjuntor e Meio;26132;1;2;617;;PIRAPORA 2;SUB PIRAPORA 2    MG;MG;MG4;MG 500 kV PIRAPORA 2 MG4 MG;3;500,00
2026-04-27;BARDE;;;26134;1;;92;;RIO DAS EGUAS;SUB RIO DAS EGUAS    BA;BA;MG2;MG 500 kV RIO DAS EGUAS MG2 BA;3;500,00
2026-04-27;GOLUZI;;;26135;1;;264;;LUZIANIA;SUB LUZIANIA    GO;GO;MG3;MG 500 kV LUZIANIA MG3 GO;3;500,00
2026-04-27;RSCNA3;BPT;Barra Principal e Transferência;26480;1;1;2836;0;CANOAS 3;SUB CANOAS 3 CEEE    RS;RS;MG1;MG 138 kV CANOAS 3 MG1 RS;3;138,00
2026-04-27;RSCAX;BPT;Barra Principal e Transferência;26481;1;1;1462;1;CAXIAS;SUB CAXIAS     RS;RS;MG2;MG 230 kV CAXIAS MG2 RS;3;230,00
2026-04-27;RSFIB;BS;Barra Simples;26482;1;3;1503;0;FIBRAPLAC;SUB FIBRAPLAC     RS;RS;MG1;MG 230 kV FIBRAPLAC MG1 RS;3;230,00
2026-04-27;RSGRA3;BD4;Barra Dupla a Quatro Chaves;26483;1;4;1514;0;GRAVATAI 3;SUB GRAVATAI 3 RS;RS;MG2;MG 230 kV GRAVATAI 3 MG2 RS;3;230,00
2026-04-27;RSPOL;BD4;Barra Dupla a Quatro Chaves;26484;1;4;1568;1;NOVA STA RITA;SUB NOVA STA RITA    RS;RS;MG3;MG 230 kV NOVA STA RITA MG3 RS;3;230,00
2026-04-27;SPAGV;DJM;Disjuntor e Meio;26487;1;2;1822;0;AGUA VERMELHA;USI AGUA VERMELHA    SP;SP;MG2;MG 500 kV AGUA VERMELHA MG2 SP;3;500,00
2026-04-27;GOID;;;26686;1;;257;;R.VERDE NORTE;SUB RIO VERDE NORTE    GO;GO;MG3;MG 500 kV R.VERDE NORTE MG3 GO;3;500,00
2026-04-27;MTRB;DJM;Disjuntor e Meio;26688;1;2;836;0;RIBEIRAOZINHO;SUB RIBEIRAOZINHO    MT;MT;MG3;MG 500 kV RIBEIRAOZINHO MG3 MT;3;500,00
2026-04-27;PBCGT;DJM;Disjuntor e Meio;26689;1;2;3090;0;C.GRANDE III;SUB CAMPINA GRANDE III  PB;PB;MG2;MG 500 kV C.GRANDE III MG2 PB;3;500,00
2026-04-27;RNCMM;DJM;Disjuntor e Meio;26690;1;2;3092;0;CEARA MIRIM II;SUB CEARA MIRIM II RN;RN;MG2;MG 500 kV CEARA MIRIM II MG2 RN;3;500,00
2026-04-27;SPASS;DJM;Disjuntor e Meio;26772;1;2;1869;;ASSIS;SUB ASSIS    SP;SP;MG4;MG 500 kV ASSIS MG4 SP;3;500,00
2026-04-27;MGMR2;DJM;Disjuntor e Meio;26773;1;2;3165;;MARIMBONDO II;SUB MARIMBONDO II MG;MG;MG2;MG 500 kV MARIMBONDO II MG2 MG;3;500,00
2026-04-27;BABMC;BD4;Barra Dupla a Quatro Chaves;26819;1;4;3182;0;BROT.MACAUBAS;SUB BROTAS DE MACAUBAS;BA;MG1;MG 230 kV BROT.MACAUBAS MG1 BA;3;230,00
2026-04-27;PAIG;BD4;Barra Dupla a Quatro Chaves;26843;1;4;2933;1;INTEGRADORA;SUB INTEGRADORA  PA;PA;MG1;MG 230 kV INTEGRADORA MG1 PA;3;230,00
2026-04-27;PBNFL;BD4;Barra Dupla a Quatro Chaves;26862;1;4;3187;0;NORFIL;SUB NORFIL PB;PB;MG1;MG 230 kV NORFIL MG1 PB;3;230,00
2026-04-27;ROTJ;BS;Barra Simples;26868;1;3;3188;0;NOVA MUTUM PARANA;SUB NOVA MUTUM PARANA RO;RO;MG1;MG 230 kV NOVA MUTUM PARANA MG1 RO;3;230,00
2026-04-27;RSMIS;;;26897;1;;1540;;MISSOES;SUB MISSOES    RS;RS;MG2;MG 230 kV MISSOES MG2 RS;3;230,00
2026-04-27;RSSTA;BD4;Barra Dupla a Quatro Chaves;26929;1;4;1596;0;SANTO ANGELO;SUB SANTO ANGELO     RS;RS;MG3;MG 230 kV SANTO ANGELO MG3 RS;3;230,00
2026-04-27;MGVPND;DJM;Disjuntor e Meio;27036;1;2;726;0;VESPASIANO 2;SUB VESPASIANO 2     MG;MG;MG2;MG 500 kV VESPASIANO 2 MG2 MG;3;500,00
2026-04-27;SPSBO;DJM;Disjuntor e Meio;27358;1;2;2468;0;SANTA BARBARA;SUB SANTA BARBARA  DOESTE    SP;SP;MG2;MG 440 kV SANTA BARBARA MG2 SP;3;440,00
2026-04-27;SPSTTB;DJM;Disjuntor e Meio;27359;1;2;2859;1;ITATIBA;SUB ITATIBA    SP;SP;MG2;MG 500 kV ITATIBA MG2 SP;3;500,00
2026-04-27;PRBTA;DJM;Disjuntor e Meio;27360;1;2;1024;1;BATEIAS;SUB BATEIAS    PR;PR;MG3;MG 500 kV BATEIAS MG3 PR;3;500,00
2026-04-27;SPCEQ;BD5;Barra Dupla a Cinco Chaves;27837;1;6;2932;0;CERQUILHO III;SUB CERQUILHO III  SP;SP;MG2;MG 230 kV CERQUILHO III MG2 SP;3;230,00
2026-04-27;PRSCX;DJM;Disjuntor e Meio;28084;1;2;1129;1;SALTO CAXIAS;USI SALTO CAXIAS     PR;PR;MG1;MG 500 kV SALTO CAXIAS MG1 PR;3;500,00
2026-04-27;RJSTVP;DJM;Disjuntor e Meio;28306;1;2;1339;1;VENDA PEDRAS;SUB VENDA DAS PEDRAS    RJ;RJ;MG2;MG 345 kV VENDA PEDRAS MG2 RJ;3;345,00
2026-04-27;BAICA;DJM;Disjuntor e Meio;28307;1;2;70;;IBICOARA;SUB IBICOARA    BA;BA;MG4;MG 500 kV IBICOARA MG4 BA;3;500,00
2026-04-27;BASPU;DJM;Disjuntor e Meio;28308;1;2;100;;SAPEACU;SUB SAPEACU    BA;BA;MG5;MG 500 kV SAPEACU MG5 BA;3;500,00
2026-04-27;RSCAX6;BD4;Barra Dupla a Quatro Chaves;28309;1;4;2925;0;CAXIAS SUL 6;SUB CAXIAS DO SUL 6 RS;RS;MG2;MG 230 kV CAXIAS SUL 6 MG2 RS;3;230,00
2026-04-27;RSNPE2;BD4;Barra Dupla a Quatro Chaves;28310;1;4;2927;0;N. PETROPOLIS 2;SUB NOVA PETROPOLIS 2  RS;RS;MG2;MG 230 kV N. PETROPOLIS 2 MG2 RS;3;230,00
2026-04-27;MGSDU;BD4;Barra Dupla a Quatro Chaves;28311;1;4;2860;0;SANTOS DUMONT 2;SUB SANTOS DUMONT 2 MG;MG;MG2;MG 345 kV SANTOS DUMONT 2 MG2 MG;3;345,00
2026-04-27;MGSLA4;DJM;Disjuntor e Meio;28312;1;2;2990;0;SETE LAGOAS 4;SUB SETE LAGOAS 4    MG;MG;MG3;MG 345 kV SETE LAGOAS 4 MG3 MG;3;345,00
2026-04-27;MGITB4;BD4;Barra Dupla a Quatro Chaves;28317;1;4;3244;0;ITABIRA 4;SE ITABIRA 4;MG;MG1;MG 230 kV ITABIRA 4 MG1 MG;3;230,00
2026-04-27;SCATA-5;DJM;Disjuntor e Meio;28338;1;2;3117;0;ABDON BATISTA;SUB ABDON BATISTA SC;SC;MG2;MG 525 kV ABDON BATISTA MG2 SC;3;525,00
2026-04-27;MGITB;DJM;Disjuntor e Meio;28339;1;2;2920;;ITABIRITO 2;SUB ITABIRITO 2 MG;MG;MG5;MG 500 kV ITABIRITO 2 MG5 MG;3;500,00
2026-04-27;SCATA-5;BD4;Barra Dupla a Quatro Chaves;28340;1;4;3117;;ABDON BATISTA;SUB ABDON BATISTA SC;SC;MG3;MG 230 kV ABDON BATISTA MG3 SC;3;230,00
2026-04-27;RSCAM3;BD4;Barra Dupla a Quatro Chaves;28502;1;4;3131;;CAMAQUA 3;SUB CAMAQUA 3 RS;RS;MG2;MG 230 kV CAMAQUA 3 MG2 RS;4;230,00
2026-04-27;RSGRT;BD4;Barra Dupla a Quatro Chaves;28942;1;4;1515;0;GUARITA;SUB GUARITA    RS;RS;MG2;MG 230 kV GUARITA MG2 RS;3;230,00
2026-04-27;MSCGR2;BD4;Barra Dupla a Quatro Chaves;30893;1;4;3163;;CAMPO GRANDE 2;SUB CAMPO GRANDE 2 MS;MS;MG2;MG 230 kV CAMPO GRANDE 2 MG2 MS;3;230,00
2026-04-27;RSCTT;BPT;Barra Principal e Transferência;30955;1;1;2892;0;CASTERTECH;SUB CASTERTECH RS;RS;MG1;MG 230 kV CASTERTECH MG1 RS;3;230,00
2026-04-27;SCXAN;BD4;Barra Dupla a Quatro Chaves;30962;1;4;1784;0;XANXERE ESU;SUB XANXERE (ELETROSUL)   SC;SC;MG2;MG 230 kV XANXERE ESU MG2 SC;3;230,00
2026-04-27;CEQXR;BD4;Barra Dupla a Quatro Chaves;31811;1;4;3307;;QUIXERE;SUB QUIXERE CE;CE;MGA1;MG 230 kV QUIXERE MGA1 CE;3;230,00
2026-04-27;PETAT;BD4;Barra Dupla a Quatro Chaves;31816;1;4;3308;;TACARATU;SUB TACARATU PE;PE;MG1;MG 230 kV TACARATU MG1 PE;2;230,00
2026-04-27;PRREP;BD4;Barra Dupla a Quatro Chaves;31847;1;4;3026;;REPAR;SUB REPAR    PR;PR;MIGA1;MG 230 kV REPAR MIGA1 PR;3;230,00
2026-04-27;MTRB;DJM;Disjuntor e Meio;31848;1;2;836;;RIBEIRAOZINHO;SUB RIBEIRAOZINHO    MT;MT;MG4;MG 500 kV RIBEIRAOZINHO MG4 MT;3;500,00
2026-04-27;SPMDO;DJM;Disjuntor e Meio;32139;1;2;3242;1;MORRO AGUDO;SUB MORRO AGUDO SP;SP;MG2;MG 500 kV MORRO AGUDO MG2 SP;3;500,00
2026-04-27;;BD4;Barra Dupla a Quatro Chaves;32310;1;4;3319;1;KLACEL;Klabim Celulose;PR;MG1;MG 230 kV KLACEL MG1 PR;3;230,00
2026-04-27;RSUTUR;DJM;Disjuntor e Meio;32322;1;2;1642;1;UTE URUGUAIANA;UTE URUGUAIANA     RS;RS;MG1;MG 230 kV UTE URUGUAIANA MG1 RS;3;230,00
2026-04-27;MGVARG;DJM;Disjuntor e Meio;33399;1;2;3328;;NOVA LIMA 6;SUB NOVA LIMA 6 MG;MG;MG1;MG 345 kV NOVA LIMA 6 MG1 MG;3;345,00
2026-04-27;CESBT;DJM;Disjuntor e Meio;37147;1;2;162;1;SOBRAL III;SUB SOBRAL III    CE;CE;MG2;MG 500 kV SOBRAL III MG2 CE;3;500,00
2026-04-27;MAAC;DJM;Disjuntor e Meio;37148;1;2;319;0;ACAILANDIA;SUB ACAILANDIA    MA;MA;MG3;MG 500 kV ACAILANDIA MG3 MA;3;500,00
2026-04-27;CEFZD;DJM;Disjuntor e Meio;37149;1;2;145;1;FORTALEZA II;SUB FORTALEZA II     CE;CE;MG2;MG 500 kV FORTALEZA II MG2 CE;3;500,00
2026-04-27;PAMB;DJM;Disjuntor e Meio;37150;1;2;874;1;MARABA;SUB MARABA     PA;PA;MG2;MG 500 kV MARABA MG2 PA;3;500,00
2026-04-27;PAMB;DJM;Disjuntor e Meio;37151;1;2;874;1;MARABA;SUB MARABA     PA;PA;MG3;MG 500 kV MARABA MG3 PA;3;500,00
2026-04-27;PATC;DJM;Disjuntor e Meio;37152;1;2;885;0;TUCURUI;SUB TUCURUI    PA;PA;MG2;MG 500 kV TUCURUI MG2 PA;3;500,00
2026-04-27;PATC;DJM;Disjuntor e Meio;37153;1;2;885;0;TUCURUI;SUB TUCURUI    PA;PA;MG3;MG 500 kV TUCURUI MG3 PA;3;500,00
2026-04-27;PRBTA;;;37156;1;;1024;;BATEIAS;SUB BATEIAS    PR;PR;MG5;MG 500 kV BATEIAS MG5 PR;3;500,00
2026-04-27;SCBLU;;;37158;1;;1659;;BLUMENAU;SUB BLUMENAU    SC;SC;MG4;MG 500 kV BLUMENAU MG4 SC;3;500,00
2026-04-27;SCCNO;;;37161;1;;1672;;C.NOVOS;SUB CAMPOS NOVOS     SC;SC;MG2;MG 500 kV C.NOVOS MG2 SC;3;500,00
2026-04-27;RSUTUR;DJM;Disjuntor e Meio;37165;1;2;1642;0;UTE URUGUAIANA;UTE URUGUAIANA     RS;RS;MG2;MG 230 kV UTE URUGUAIANA MG2 RS;3;230,00
2026-04-27;SEJDM;DJM;Disjuntor e Meio;37191;1;2;1797;;JARDIM;SUB JARDIM SE;SE;MG2;MG 500 kV JARDIM MG2 SE;3;500,00
2026-04-27;MAPD;DJM;Disjuntor e Meio;38034;1;2;330;1;P.DUTRA;SUB PRESIDENTE DUTRA    MA;MA;MG2;MG 500 kV P.DUTRA MG2 MA;3;500,00
2026-04-27;MGSTBB;DJM;Disjuntor e Meio;38198;1;2;3270;;BARRO BRANCO;SE BARRO BRANCO;MG;MG1;MG 345 kV BARRO BRANCO MG1 MG;3;345,00
2026-04-27;;BD4;Barra Dupla a Quatro Chaves;38706;1;4;3377;0;TABOCAS BREJO VELHO;SUB TABOCAS DO BREJO VELHO BA;BA;MG1;MG 230 kV TABOCAS BREJO VELHO MG1 BA;3;230,00
2026-04-27;PEFLD;BD4;Barra Dupla a Quatro Chaves;38714;1;4;3378;0;FLORESTA II;SUB FLORESTA II PE;PE;MG1;MG 230 kV FLORESTA II MG1 PE;2;230,00
2026-04-27;BACFO;BD4;Barra Dupla a Quatro Chaves;38719;1;4;3379;0;CAMPO FORMOSO;SUB CAMPO FORMOSO BA;BA;MG1;MG 230 kV CAMPO FORMOSO MG1 BA;3;230,00
2026-04-27;PRBXI;BD4;Barra Dupla a Quatro Chaves;38878;1;4;3260;1;BAIXO IGUACU;SE BAIXO IGUACU;PR;MG1;MG 230 kV BAIXO IGUACU MG1 PR;3;230,00
2026-04-27;PRCVO ;BD4;Barra Dupla a Quatro Chaves;38883;1;4;1047;0;CASCAVEL OEST;SUB CASCAVEL OESTE   PR;PR;MG4;MG 230 kV CASCAVEL OEST MG4 PR;3;230,00
2026-04-27;SPUFBH;BD4;Barra Dupla a Quatro Chaves;38884;1;4;3383;0;BOA HORA;SUB BOA HORA SP;SP;MG1;MG 138 kV BOA HORA MG1 SP;3;138,00
2026-04-27;SPVAP1;BD4;Barra Dupla a Quatro Chaves;38895;1;4;3384;0;VALE DO PARANA;SUB VALE DO PARANA SP;SP;MG1;MG 138 kV VALE DO PARANA MG1 SP;3;138,00
2026-04-27;SPINTR;BD4;Barra Dupla a Quatro Chaves;38902;1;4;3385;1;INTERLAGOS 1;INTERLAGOS 1;SP;MG1;MG 138 kV INTERLAGOS 1 MG1 SP;3;138,00
2026-04-27;MGGUIL;BD4;Barra Dupla a Quatro Chaves;38917;1;4;443;0;GUILMA AMORIM;USI GUILMAN AMORIM   MG;MG;MG1;MG 230 kV GUILMA AMORIM MG1 MG;3;230,00
2026-04-27;SPFDI;DJM;Disjuntor e Meio;39819;1;2;3201;;FERNAO DIAS;SUB FERNAO DIAS SP;SP;MG4;MG 500 kV FERNAO DIAS MG4 SP;0;500,00
2026-04-27;MGMR2;;;39825;1;;3165;;MARIMBONDO II;SUB MARIMBONDO II MG;MG;MG4;MG 500 kV MARIMBONDO II MG4 MG;3;500,00
2026-04-27;SPMOC5;BD4;Barra Dupla a Quatro Chaves;39832;1;4;3361;0;MOCOCA 5;SUBESTAÇÃO MOCOCA 5;SP;MG1;MG 138 kV MOCOCA 5 MG1 SP;3;138,00
2026-04-27;BASDS;DJM;Disjuntor e Meio;39870;1;2;4415;1;SOL DO SERTAO;SE SOL DO SERTAO BA;BA;MG1;MG 500 kV SOL DO SERTAO MG1 BA;3;500,00
2026-04-27;RNNTS;BD4;Barra Dupla a Quatro Chaves;39872;1;4;2857;0;NATAL III;SUB NATAL III     RN;RN;MG2;MG 230 kV NATAL III MG2 RN;3;230,00
2026-04-27;SENSC;BD4;Barra Dupla a Quatro Chaves;39883;1;4;3144;0;N.S.SOCORRO;SUB NOSSA SENHORA DO SOCORRO SE;SE;MG2;MG 230 kV N.S.SOCORRO MG2 SE;3;230,00
2026-04-27;INS-RNMTV;DJM;Disjuntor e Meio;39973;1;2;4417;;MONTE VERDE;SUB MONTE VERDE RN;RN;MG1;MG 500 kV MONTE VERDE MG1 RN;3;500,00
2026-04-27;RNCMM;BD4;Barra Dupla a Quatro Chaves;39979;1;4;3092;1;CEARA MIRIM II;SUB CEARA MIRIM II RN;RN;MG4;MG 230 kV CEARA MIRIM II MG4 RN;3;230,00
2026-04-27;SPBAG;DJM;Disjuntor e Meio;39985;1;2;3296;1;BAGUACU;SUB BAGUAÇU SP;SP;MG2;MG 440 kV BAGUACU MG2 SP;3;440,00
2026-04-27;SPALP;DJM;Disjuntor e Meio;39986;1;2;3297;2;ALTA PAULISTA;SUB ALTA PAULISTA;SP;MG2;MG 440 kV ALTA PAULISTA MG2 SP;3;440,00
2026-04-27;CEALX;BD4;Barra Dupla a Quatro Chaves;40005;1;4;4426;1;ALEX;SUB ALEX CE;CE;MG1;MG 230 kV ALEX MG1 CE;3;230,00
2026-04-27;SPBRCE;DJM;Disjuntor e Meio;40011;1;2;4427;1;BRACELL;BRACELL;SP;MG1;MG 440 kV BRACELL MG1 SP;3;440,00
2026-04-27;RNACT;BD4;Barra Dupla a Quatro Chaves;40013;1;4;3150;1;ACU III;SUB ACU III RN;RN;MG6;MG 230 kV ACU III MG6 RN;3;230,00
2026-04-27;SPLRN;DJM;Disjuntor e Meio;40014;1;2;3341;;LORENA;SUB LORENA;SP;MG2;MG 500 kV LORENA MG2 SP;3;500,00
2026-04-27;RSVIN;BD4;Barra Dupla a Quatro Chaves;40015;1;4;3180;1;VINHEDOS;SUB VINHEDOS RS;RS;MG2;MG 230 kV VINHEDOS MG2 RS;3;230,00
2026-04-27;RNACT;BD4;Barra Dupla a Quatro Chaves;40016;1;4;3150;1;ACU III;SUB ACU III RN;RN;MG7;MG 230 kV ACU III MG7 RN;3;230,00
2026-04-27;CETIA;DJM;Disjuntor e Meio;40023;1;2;3257;1;TIANGUA II;TIANGUA II CE;CE;MG3;MG 500 kV TIANGUA II MG3 CE;3;500,00
2026-04-27;RSPNO;BD4;Barra Dupla a Quatro Chaves;40024;1;4;3134;1;POVO NOVO;SUB POVO NOVO RS;RS;MG5;MG 230 kV POVO NOVO MG5 RS;3;230,00
2026-04-27;MGGVA6;BD4;Barra Dupla a Quatro Chaves;40025;1;4;3279;0;G.VALADARES 6;SUB GOVERNADOR VALADARES 6 MG;MG;MG2;MG 230 kV G.VALADARES 6 MG2 MG;3;230,00
2026-04-27;BAITB3;BD4;Barra Dupla a Quatro Chaves;40028;1;4;3317;0;ITABUNA III; SUB ITABUNA III;BA;MG2;MG 230 kV ITABUNA III MG2 BA;3;230,00
2026-04-27;ESSRNS;DJM;Disjuntor e Meio;40029;1;2;3258;2;RIO NOVO DO SUL;SUB RIO NOVO DO SUL ES;ES;MG3;MG 345 kV RIO NOVO DO SUL MG3 ES;3;345,00
2026-04-27;RJTRIO;DJM;Disjuntor e Meio;40030;1;2;3235;2;TERMINAL RIO;SE TERMINAL RIO RJ;RJ;MG4;MG 500 kV TERMINAL RIO MG4 RJ;3;500,00
2026-04-27;SPLRN;BD4;Barra Dupla a Quatro Chaves;40042;1;4;3341;1;LORENA;SUB LORENA;SP;MG3;MG 230 kV LORENA MG3 SP;3;230,00
2026-04-27;PRLOS;BD4;Barra Dupla a Quatro Chaves;40051;1;4;3303;1;LONDRINA SUL;SUB LONDRINA SUL PR;PR;MG2;MG 230 kV LONDRINA SUL MG2 PR;3;230,00
2026-04-27;SCTSU;BD4;Barra Dupla a Quatro Chaves;40052;1;4;3251;1;TUBARAO SUL;SUB TUBARAO SUL SC;SC;MG2;MG 230 kV TUBARAO SUL MG2 SC;3;230,00
2026-04-27;PRGR;BD4;Barra Dupla a Quatro Chaves;40053;1;4;3312;1;PONTA GROSSA;SUB PONTA GROSSA PR;PR;MG3;MG 230 kV PONTA GROSSA MG3 PR;3;230,00
2026-04-27;SENSC;BD4;Barra Dupla a Quatro Chaves;40054;1;4;3144;0;N.S.SOCORRO;SUB NOSSA SENHORA DO SOCORRO SE;SE;MG3;MG 230 kV N.S.SOCORRO MG3 SE;3;230,00
2026-04-27;MGGVA6;BD4;Barra Dupla a Quatro Chaves;40055;1;4;3279;1;G.VALADARES 6;SUB GOVERNADOR VALADARES 6 MG;MG;MG3;MG 230 kV G.VALADARES 6 MG3 MG;3;230,00
2026-04-27;ALSTII;BD4;Barra Dupla a Quatro Chaves;40070;1;4;3340;2;SANTANA II;SUB SANTANA II;AL;MG2;MG 230 kV SANTANA II MG2 AL;3;230,00
2026-04-27;RNJND;DJM;Disjuntor e Meio;40555;1;2;4438;;JANDAIRA 2;SUB JANDAIRA 2 RN;RN;MG1;MG 500 kV JANDAIRA 2 MG1 RN;3;500,00
2026-04-27;PRLON;;;40608;1;;1087;;LONDRINA ESU;SUB LONDRINA    PR;PR;MG4;MG 500 kV LONDRINA ESU MG4 PR;3;500,00
2026-04-27;MGMTUM;DJM;Disjuntor e Meio;40618;1;2;3287;1;MUTUM;SUB MUTUM;MG;MG3;MG 500 kV MUTUM MG3 MG;3;500,00
2026-04-27;RJSTRS;DJM;Disjuntor e Meio;40654;1;2;1336;2;RESENDE;SUB RESENDE    RJ;RJ;MG1;MG 500 kV RESENDE MG1 RJ;3;500,00
2026-04-27;SPFDI;DJM;Disjuntor e Meio;40656;1;2;3201;2;FERNAO DIAS;SUB FERNAO DIAS SP;SP;MG5;MG 500 kV FERNAO DIAS MG5 SP;3;500,00
2026-04-27;PRGR;BD4;Barra Dupla a Quatro Chaves;40662;1;4;3312;1;PONTA GROSSA;SUB PONTA GROSSA PR;PR;MG4;MG 230 kV PONTA GROSSA MG4 PR;3;230,00
2026-04-27;PRCNT;BD4;Barra Dupla a Quatro Chaves;40663;1;4;3316;1;CASTRO NORTE;SUB CASTRO NORTE PR;PR;MG2;MG 230 kV CASTRO NORTE MG2 PR;3;230,00
2026-04-27;MABAC;DJM;Disjuntor e Meio;40664;1;2;3255;2;BACABEIRA;SUB BACABEIRA MA;MA;MG2;MG 500 kV BACABEIRA MG2 MA;3;500,00
2026-04-27;CEMAU;BD4;Barra Dupla a Quatro Chaves;40665;1;4;3177;0;MARACANAU;SUB MARACANAU CE;CE;MG2;MG 230 kV MARACANAU MG2 CE;3;230,00
2026-04-27;MTPRTA;BPT;Barra Principal e Transferência;40673;1;1;4440;;PRATA;PRATA;MT;MG1;MG 138 kV PRATA MG1 MT;3;138,00
2026-04-27;SPBPER;BPT;Barra Principal e Transferência;40674;1;1;4428;;BRANCO PERES;SUB BRANCO PERES SP;SP;MG1;MG 138 kV BRANCO PERES MG1 SP;3;138,00
2026-04-27;;BD4;Barra Dupla a Quatro Chaves;40675;1;4;3339;;FEIRA DE SANTANA III;SUB FEIRA DE SANTANA III;BA;MG2;MG 230 kV FEIRA DE SANTANA III MG2 BA;3;230,00
2026-04-27;RSCAL2;BD4;Barra Dupla a Quatro Chaves;40676;1;4;3342;;CRUZ ALTA 2;SUB CRUZ ALTA 2;RS;MG2;MG 230 kV CRUZ ALTA 2 MG2 RS;3;230,00
2026-04-27;PBJPII;BD4;Barra Dupla a Quatro Chaves;40677;1;4;3330;2;JOAO PESSOA II;SUB JOAO PESSOA II PB;PB;MG2;MG 230 kV JOAO PESSOA II MG2 PB;3;230,00
2026-04-27;;DJM;Disjuntor e Meio;40681;1;2;4441;2;SANTO A. DOS LOPES;SANTO ANTONIO DOS LOPES;MA;MG1;MG 500 kV SANTO A. DOS LOPES MG1 MA;3;500,00
2026-04-27;SPCST3;BD4;Barra Dupla a Quatro Chaves;40687;1;4;2046;1;CASTILHO 3;SUB CASTILHO 3     SP;SP;MG1;MG 138 kV CASTILHO 3 MG1 SP;3;138,00
2026-04-27;SPPED ;BD4;Barra Dupla a Quatro Chaves;40688;1;4;4430;1;PEDRANOPOLIS;USI PEDRANOPOLIS SP;SP;MG1;MG 138 kV PEDRANOPOLIS MG1 SP;3;138,00
2026-04-27;RNACT;BD4;Barra Dupla a Quatro Chaves;40689;1;4;3150;1;ACU III;SUB ACU III RN;RN;MG8;MG 230 kV ACU III MG8 RN;3;230,00
2026-04-27;MGJMO4;BD4;Barra Dupla a Quatro Chaves;40690;1;4;3239;1;J.MONLEVADE 4;SUB JOAO MONLEVADE 4 MG;MG;MG2;MG 230 kV J.MONLEVADE 4 MG2 MG;3;230,00
2026-04-27;RJSTBF;DJM;Disjuntor e Meio;40705;1;2;4442;;B. FLUMINENSE;SUB B. FLUMINENSE;RJ;MG1;MG 500 kV B. FLUMINENSE MG1 RJ;0;500,00
2026-04-27;MGHVAL;DJM;Disjuntor e Meio;40728;1;2;4444;;VARZEA PALMA 4;SUB VARZEA DA PALMA 4 MG;MG;MG1;MG 345 kV VARZEA PALMA 4 MG1 MG;3;345,00
2026-04-27;RSIJU2;;;40977;1;;2926;;IJUI 2;SUB IJUI 2  RS;RS;MG2;MG 230 kV IJUI 2 MG2 RS;3;230,00
2026-04-27;RSVIA3;;;40978;1;;3042;;VIAMAO 3;SUB VIAMAO 3    RS;RS;MG2;MG 230 kV VIAMAO 3 MG2 RS;3;230,00
2026-04-27;GOUCD;;;40979;1;;297;;C. DOURADA;USI CACHOEIRA  DOURADA    GO;GO;MG2;MG 230 kV C. DOURADA MG2 GO;3;230,00
2026-04-27;SPCOA2;;;40986;1;;3054;;COCAL II;SUB COCAL II ELEKTRO SP;SP;MG1;MG 138 kV COCAL II MG1 SP;3;138,00
2026-04-27;SPPCB;;;40987;1;;3146;;PIRACICABA;SUB PIRACICABA SP;SP;MG2;MG 440 kV PIRACICABA MG2 SP;3;440,00
2026-04-27;SPQUA2;;;40988;1;;2939;;QUATA;SUB QUATA SP;SP;MG1;MG 88 kV QUATA MG1 SP;3;88,00
2026-04-27;SPAZL;;;40989;1;;3252;;AGUA AZUL;SUB AGUA AZUL SP;SP;MG3;MG 440 kV AGUA AZUL MG3 SP;3;440,00
2026-04-27;CETIA;;;40998;1;;3257;;TIANGUA II;TIANGUA II CE;CE;MG4;MG 500 kV TIANGUA II MG4 CE;3;500,00
2026-04-27;BAOUR;;;40999;1;;3224;;OUROLANDIA II;SE OUROLANDIA II BA;BA;MG3;MG 230 kV OUROLANDIA II MG3 BA;3;230,00
2026-04-27;PEGRD;;;41000;1;;3112;;GARANHUNS II;SUB GARANHUNS  PE;PE;MG2;MG 500 kV GARANHUNS II MG2 PE;3;500,00
2026-04-27;RJSTNV;;;41604;1;;3111;1;NOVA IGUACU;SUB NOVA IGUACU  RJ;RJ;MG3;MG 500 kV NOVA IGUACU MG3 RJ;3;500,00
2026-04-27;SPUNI;;;41605;1;;3159;0;UNIVALEM;SUB UNIVALEM SP;SP;MG1;MG 138 kV UNIVALEM MG1 SP;3;138,00
2026-04-27;MGAISE;BD4;Barra Dupla a Quatro Chaves;41718;1;4;344;;AIMORES-SE;SUB AIMORES-SE    MG;MG;MG2;MG 230 kV AIMORES-SE MG2 MG;3;230,00
2026-04-27;MGJMON;ANEL;Anel;41726;1;5;478;;J.MONLEVADE 2;SUB JOAO  MONLEVADE 2   MG;MG;MG1;MG 230 kV J.MONLEVADE 2 MG1 MG;3;230,00
2026-04-27;MGNERA;BS;Barra Simples;41741;1;3;589;;NOVA ERA 2;SUB NOVA ERA 2    MG;MG;MG1;MG 230 kV NOVA ERA 2 MG1 MG;3;230,00
2026-04-27;ESMASC;BD4;Barra Dupla a Quatro Chaves;41748;1;4;203;;U.MASCARENHAS;USI MASCARENHAS   ES;ES;MG2;MG 230 kV U.MASCARENHAS MG2 ES;3;230,00
2026-04-27;RSGRA2;BD5;Barra Dupla a Cinco Chaves;41768;1;6;1513;;GRAVATAI 2;SUB GRAVATAI 2 RS;RS;MG2;MG 230 kV GRAVATAI 2 MG2 RS;3;230,00
2026-04-27;MSMIM;BPT;Barra Principal e Transferência;41785;1;1;767;;U.MIMOSO;USI MIMOSO     MS;MS;MG1;MG 138 kV U.MIMOSO MG1 MS;3;138,00
2026-04-27;SPACD;BS;Barra Simples;41853;1;3;3085;;ALCIDIA;SUB ALCIDIA SP;SP;MG1;MG 138 kV ALCIDIA MG1 SP;3;138,00
2026-04-27;SPSEBL;BPT;Barra Principal e Transferência;41866;1;1;2940;;BALDIN;SUB BALDIN SP;SP;MG1;MG 138 kV BALDIN MG1 SP;3;138,00
2026-04-27;SPBIO;BS;Barra Simples;41907;1;3;2924;;BIOPAV;SUB BIOPAV SP;SP;MG1;MG 138 kV BIOPAV MG1 SP;3;138,00
2026-04-27;SPDMA;BS;Barra Simples;41926;1;3;3086;;DA MATA;SUB DA MATA SP;SP;MG1;MG 138 kV DA MATA MG1 SP;3;138,00
2026-04-27;SPFRI;BS;Barra Simples;41933;1;3;3104;;FERRARI;SUB FERRARI SP;SP;MG1;MG 138 kV FERRARI MG1 SP;3;138,00
2026-04-27;SPIPA;BS;Barra Simples;41934;1;3;3078;;IPAUSSU;USI UTE IPAUSSU   SP;SP;MG1;MG 138 kV IPAUSSU MG1 SP;3;138,00
2026-04-27;SPSAJ3;BS;Barra Simples;41973;1;3;2941;;SAO JOAO;SUB SÃO JOÃO ABENGOA SP;SP;MG1;MG 138 kV SAO JOAO MG1 SP;3;138,00
2026-04-27;SPSAL2;BS;Barra Simples;41974;1;3;2942;;SAO LUIZ;SUB SÃO LUIZ (ABENGOA) SP;SP;MG1;MG 138 kV SAO LUIZ MG1 SP;3;138,00
2026-04-27;PRADA2;BD4;Barra Dupla a Quatro Chaves;42272;1;4;3262;;ANDIRA LESTE;SE ANDIRA LESTE;PR;MG2;MG 230 kV ANDIRA LESTE MG2 PR;3;230,00
2026-04-27;MACXD;BD4;Barra Dupla a Quatro Chaves;42273;1;4;3301;;CAXIAS II;SUB CAXIAS II MA;MA;MG2;MG 230 kV CAXIAS II MG2 MA;3;230,00
2026-04-27;RJCPJ;DJM;Disjuntor e Meio;42274;1;2;4411;;COMPERJ;SUB COMPERJ RJ;RJ;MG2;MG 345 kV COMPERJ MG2 RJ;3;345,00
2026-04-27;SPGTA;BS;Barra Simples;42276;1;3;3190;;GUARANI TANABI;USI UTE GUARANI TANABI SP;SP;MG1;MG 138 kV GUARANI TANABI MG1 SP;3;138,00
2026-04-27;SPGUI1;BS;Barra Simples;42277;1;3;3321;;GUARIROBA;GUARIROBA;SP;MG1;MG 138 kV GUARIROBA MG1 SP;3;138,00
2026-04-27;SPSTTB;BD4;Barra Dupla a Quatro Chaves;42278;1;4;2859;;ITATIBA;SUB ITATIBA    SP;SP;MG3;MG 500 kV ITATIBA MG3 SP;3;500,00
2026-04-27;BAJRB;DJM;Disjuntor e Meio;42279;1;2;4487;;JEREMOABO;JEREMOABO;BA;MG1;MG 500 kV JEREMOABO MG1 BA;3;500,00
2026-04-27;PELAGC;BD4;Barra Dupla a Quatro Chaves;42282;1;4;3311;;LAGOA DO CARRO;SUB LAGOA DO CARRO PE;PE;MG2;MG 230 kV LAGOA DO CARRO MG2 PE;3;230,00
2026-04-27;MTSLRV;BD4;Barra Dupla a Quatro Chaves;42284;1;4;3005;;LUCAS RIO VERDE;SUB LUCAS DO RIO VERDE    MT;MT;MG1;MG 230 kV LUCAS RIO VERDE MG1 MT;3;230,00
2026-04-27;SPMRR;DJM;Disjuntor e Meio;42285;1;2;3168;;MARECHAL RONDON;SUB MARECHAL RONDON MS;MS;MG2;MG 440 kV MARECHAL RONDON MG2 MS;3;440,00
2026-04-27;PAMTUB;BD4;Barra Dupla a Quatro Chaves;42286;1;4;3281;;MARITUBA;SUB MARITUBA PA;PA;MG2;MG 230 kV MARITUBA MG2 PA;3;230,00
2026-04-27;MGPDF;BD4;Barra Dupla a Quatro Chaves;42287;1;4;2921;;PADRE FIALHO;SUB PADRE FIALHO     MG;MG;MG2;MG 345 kV PADRE FIALHO MG2 MG;3;345,00
2026-04-27;SPPIO2;BD4;Barra Dupla a Quatro Chaves;42288;1;4;3191;;PIONEIROS 2;USI UTE PIONEIROS 2 SP;SP;MG1;MG 138 kV PIONEIROS 2 MG1 SP;3;138,00
2026-04-27;SPRIC2;BD4;Barra Dupla a Quatro Chaves;42294;1;4;2424;;RIO CLARO 2;SUB RIO CLARO 2  ;GO;MG2;MG 230 kV RIO CLARO 2 MG2 GO;3;230,00
2026-04-27;SPRIV;BD4;Barra Dupla a Quatro Chaves;42295;1;4;3184;;RIO VERMELHO;SUB RIO VERMELHO SP;SP;MG1;MG 138 kV RIO VERMELHO MG1 SP;3;138,00
2026-04-27;;BS;Barra Simples;42296;1;3;4488;;SAO TADEU;SAO TADEU;MT;MG1;MG 138 kV SAO TADEU MG1 MT;3;138,00
2026-04-27;MGSAR;DJM;Disjuntor e Meio;42297;1;2;3263;;SARZEDO;SE SARZEDO;MG;MG2;MG 345 kV SARZEDO MG2 MG;3;345,00
2026-04-27;SPTEC;BD4;Barra Dupla a Quatro Chaves;42298;1;4;3326;;SE TERMOVERDE CAIEIRAS;SUB TERMOVERDE CAIEIRAS SP;SP;MG1;MG 138 kV SE TERMOVERDE CAIEIRAS MG1 SP;3;138,00
2026-04-27;MTMTSR;BD4;Barra Dupla a Quatro Chaves;42301;1;4;4414;;SORRISO II;SUB SORRISO II     MT;MT;MG1;MG 230 kV SORRISO II MG1 MT;3;230,00
2026-04-27;MSELDO;BS;Barra Simples;42307;1;3;2996;;UTE ELDORADO BR CEL;USI UTE ELDORADO BRASIL CELULOSE MS;MS;MG1;MG 138 kV UTE ELDORADO BR CEL MG1 MS;3;138,00
2026-04-27;RSGUA3;DJM;Disjuntor e Meio;42516;1;2;3231;1;GUAIBA 3;SE GUAIBA 3 RS;RS;MG3;MG 525 kV GUAIBA 3 MG3 RS;3;525,00
2026-04-27;RSMBR3;BD4;Barra Dupla a Quatro Chaves;42521;1;4;3230;0;MACAMBARA 3;SE MACAMBARA 3 RS;RS;MG2;MG 230 kV MACAMBARA 3 MG2 RS;3;230,00
2026-04-27;MSDOU2;BD4;Barra Dupla a Quatro Chaves;42527;1;4;3305;0;DOURADOS 2;SUB DOURADOS 2 MS;MS;MG2;MG 230 kV DOURADOS 2 MG2 MS;3;230,00
2026-04-27;PRIRN;BD4;Barra Dupla a Quatro Chaves;42528;1;4;3314;1;IRATI NORTE;SUB IRATI NORTE PR;PR;MG2;MG 230 kV IRATI NORTE MG2 PR;3;230,00
2026-04-27;GOSILN;DJM;Disjuntor e Meio;42529;1;2;3397;1;SILVANIA;SUB SILVANIA GO;GO;MG2;MG 500 kV SILVANIA MG2 GO;3;500,00
2026-04-27;RSVMA;BD4;Barra Dupla a Quatro Chaves;42534;1;4;3228;1;VILA MARIA;SE VILA MARIA RS;RS;MG2;MG 230 kV VILA MARIA MG2 RS;3;230,00
2026-04-27;MSDOU;;;42535;1;;759;;DOURADOS;SUB DOURADOS    MS;MS;MG2;MG 230 kV DOURADOS MG2 MS;3;230,00
2026-04-27;MGUSIM;;;42536;1;;715;;ITUMBIARA;USI ITUMBIARA     MG;MG;MG2;MG 500 kV ITUMBIARA MG2 MG;3;500,00
2026-04-27;MGUSIM;;;42537;1;;715;;ITUMBIARA;USI ITUMBIARA     MG;MG;MG3;MG 500 kV ITUMBIARA MG3 MG;3;500,00
2026-04-27;MGUSIM;;;42538;1;;715;;ITUMBIARA;USI ITUMBIARA     MG;MG;MG4;MG 500 kV ITUMBIARA MG4 MG;3;500,00
2026-04-27;MGUSMR;;;42539;1;;718;;MARIMBONDO;USI MARIMBONDO    MG;MG;MG2;MG 500 kV MARIMBONDO MG2 MG;3;500,00
2026-04-27;MTBP;;;42540;1;;793;;BARRA PEIXE;SUB BARRA DO PEIXE   MT;MT;MG2;MG 230 kV BARRA PEIXE MG2 MT;3;230,00
2026-04-27;GOSME2;;;42541;1;;285;;SERRA MESA 2;SUB SERRA DA MESA 2    GO;GO;MG3;MG 500 kV SERRA MESA 2 MG3 GO;3;500,00
2026-04-27;MGBDE3;;;42542;1;;362;;B.DESPACHO 3;SUB BOM DESPACHO 3   MG;MG;MG2;MG 500 kV B.DESPACHO 3 MG2 MG;3;500,00
2026-04-27;MGNPON;;;42543;1;;597;;NOVA PONTE;USI NOVA PONTE    MG;MG;MG3;MG 500 kV NOVA PONTE MG3 MG;3;500,00
2026-04-27;MGSGOT;;;42544;1;;658;;SAO GOTARDO 2;SUB SAO GOTARDO 2    MG;MG;MG3;MG 500 kV SAO GOTARDO 2 MG3 MG;3;500,00
2026-04-27;SPILS;;;42545;1;;2161;;ILHA SOLTEIRA;USI ILHA SOLTEIRA    SP;SP;MG2;MG 440 kV ILHA SOLTEIRA MG2 SP;3;440,00
2026-04-27;MTCB;;;42546;1;;800;;CUIABA;SUB CUIABA     MT;MT;MG4;MG 500 kV CUIABA MG4 MT;3;500,00
2026-04-27;MTRB;;;42547;1;;836;;RIBEIRAOZINHO;SUB RIBEIRAOZINHO    MT;MT;MG5;MG 500 kV RIBEIRAOZINHO MG5 MT;3;500,00
2026-04-27;RSMBR3;BD4;Barra Dupla a Quatro Chaves;42555;1;4;3230;1;MACAMBARA 3;SE MACAMBARA 3 RS;RS;MG3;MG 230 kV MACAMBARA 3 MG3 RS;3;230,00
2026-04-27;MGBET;DJM;Disjuntor e Meio;42712;1;2;3265;1;BETIM 6;SUB BETIM 6 MG;MG;MG2;MG 345 kV BETIM 6 MG2 MG;3;345,00
2026-04-27;MGBRAU;BD4;Barra Dupla a Quatro Chaves;42713;1;4;3269;0;BRAUNAS;SUB BRAUNAS MG;MG;MG2;MG 230 kV BRAUNAS MG2 MG;3;230,00
2026-04-27;BAZBU;BPT;Barra Principal e Transferência;42715;1;1;4475;;ZEBU II;SUB ZEBU II;AL;MG2;MG 69 kV ZEBU II MG2 AL;3;69,00
2026-04-27;RSCAC3;BD4;Barra Dupla a Quatro Chaves;42716;1;4;4398;1;CACHOEIRINHA 3;SUB CACHOEIRINHA 3 RS;RS;MG2;MG 230 kV CACHOEIRINHA 3 MG2 RS;3;230,00
2026-04-27;SPSTGA;BD3;Barra Dupla a três Chaves;42762;1;7;2534;;GUARULHOS;SUB GUARULHOS     SP;SP;MG2;MG 345 kV GUARULHOS MG2 SP;3;345,00
2026-04-27;MGEMBO;;;43392;1;;427;;EMBORCACAO;USI EMBORCACAO    MG;MG;MG3;MG 500 kV EMBORCACAO MG3 MG;3;500,00
2026-04-27;MGUSIM;;;43393;1;;715;;ITUMBIARA;USI ITUMBIARA     MG;MG;MG5;MG 500 kV ITUMBIARA MG5 MG;3;500,00
2026-04-27;PIRGO;;;43394;1;;998;;RIB.GONCALVES;SUB RIBEIRO GONCALVES   PI;PI;MG3;MG 500 kV RIB.GONCALVES MG3 PI;3;500,00
2026-04-27;SPINT;;;43395;1;;2167;;INTERLAGOS;SUB INTERLAGOS    SP;SP;MG2;MG 345 kV INTERLAGOS MG2 SP;3;345,00
2026-04-27;MGOPR2;;;43396;1;;600;;OURO PRETO 2;SUB OURO PRETO 2     MG;MG;MG3;MG 500 kV OURO PRETO 2 MG3 MG;3;500,00
2026-04-27;MTCB;;;43397;1;;800;;CUIABA;SUB CUIABA     MT;MT;MG5;MG 500 kV CUIABA MG5 MT;3;500,00
2026-04-27;PRCVO ;;;43398;1;;1047;;CASCAVEL OEST;SUB CASCAVEL OESTE   PR;PR;MG5;MG 500 kV CASCAVEL OEST MG5 PR;3;500,00
2026-04-27;ESSTAE;;;43403;1;;221;;VIANA;SUB VIANA    ES;ES;MG3;MG 345 kV VIANA MG3 ES;3;345,00
2026-04-27;GOID;;;43406;1;;257;;R.VERDE NORTE;SUB RIO VERDE NORTE    GO;GO;MG5;MG 500 kV R.VERDE NORTE MG5 GO;3;500,00
2026-04-27;AMCRR;;;43407;1;;2798;;LECHUGA;SUB LECHUGA (MANAUS) AM;AM;MG4;MG 500 kV LECHUGA MG4 AM;3;500,00
2026-04-27;PBCGT;;;43408;1;;3090;;C.GRANDE III;SUB CAMPINA GRANDE III  PB;PB;MG4;MG 500 kV C.GRANDE III MG4 PB;3;500,00
2026-04-27;MASLT;;;43409;1;;4470;;SANTA LUZIA III;SUB SANTA LUZIA III MA;MA;MG2;MG 500 kV SANTA LUZIA III MG2 MA;3;500,00
2026-04-27;MGITB5;DJM;Disjuntor e Meio;43589;1;2;3268;1;ITABIRA 5;SE ITABIRA 5;MG;MG4;MG 500 kV ITABIRA 5 MG4 MG;3;500,00
2026-04-27;PRIVP;DJM;Disjuntor e Meio;43696;1;2;1078;;IVAIPORA;SUB IVAIPORA  (ELETROSUL) PR;PR;MG3;MG 525 kV IVAIPORA MG3 PR;3;525,00
2026-04-27;SPTAU;;;43762;1;;2550;;TAUBATE;SUB TAUBATE    SP;SP;MG2;MG 500 kV TAUBATE MG2 SP;3;500,00
2026-04-27;PRRZS;;;43763;1;;3205;;REALEZA;SUB REALEZA PR;PR;MG2;MG 230 kV REALEZA MG2 PR;3;230,00
2026-04-27;PRUBR;;;43764;1;;1154;;UBERABA;SUB UBERABA    PR;PR;MG2;MG 230 kV UBERABA MG2 PR;3;230,00
2026-04-27;CEPCT;DJM;Disjuntor e Meio;44018;1;2;3336;2;PACATUBA;SUB PACATUBA;CE;MG4;MG 500 kV PACATUBA MG4 CE;3;500,00
2026-04-27;MSPAS22;BD4;Barra Dupla a Quatro Chaves;44019;1;4;3225;1;PARAISO 2;SUB PARAISO 2 MS;MS;MG2;MG 230 kV PARAISO 2 MG2 MS;3;230,00
2026-04-27;ACTC;BD4;Barra Dupla a Quatro Chaves;44020;1;4;3380;;TUCUMA;SUB TUCUMA AC;AC;MG2;MG 230 kV TUCUMA MG2 AC;3;230,00
2026-04-27;;BD4;Barra Dupla a Quatro Chaves;44021;1;4;3315;;GUARAPUAVA OESTE;SUB GUARAPUAVA OESTE PR;PR;MG2;MG 230 kV GUARAPUAVA OESTE MG2 PR;3;230,00
2026-04-27;MGVGAQ;DJM;Disjuntor e Meio;44022;1;2;3266;;VARGINHA 4;SUB VARGINHA 4 MG;MG;MG2;MG 345 kV VARGINHA 4 MG2 MG;3;345,00
2026-04-27;RSCXN;DJM;Disjuntor e Meio;44023;1;2;3368;;CAXIAS NORTE;SUB CAXIAS NORTE RS;RS;MG2;MG 525 kV CAXIAS NORTE MG2 RS;3;525,00
2026-04-27;SCGAS22;DJM;Disjuntor e Meio;44024;1;2;3118;;GASPAR 2;SUB GASPAR 2 SC;SC;MG2;MG 525 kV GASPAR 2 MG2 SC;3;525,00
2026-04-27;MSIVI2;BD4;Barra Dupla a Quatro Chaves;44025;1;4;765;;IVINHEMA 2;SUB IVINHEMA 2    MS;MS;MG1;MG 138 kV IVINHEMA 2 MG1 MS;3;138,00
2026-04-27;RSCDL2;BD4;Barra Dupla a Quatro Chaves;44026;1;4;3088;;CANDELARIA 2;SUB CANDELARIA 2 RS;RS;MG2;MG 230 kV CANDELARIA 2 MG2 RS;3;230,00
2026-04-27;RSCHR3;BD4;Barra Dupla a Quatro Chaves;44027;1;4;4406;;CHARQUEADAS 3;SUB CHARQUEADAS 3 RS;RS;MG2;MG 230 kV CHARQUEADAS 3 MG2 RS;3;230,00
2026-04-27;SPCTR;BD3;Barra Dupla a três Chaves;44036;1;7;2048;;CENTRO-CTR;SUB CENTRO-CTR    SP;SP;FICT1;MG 230 kV CENTRO-CTR FICT1 SP;3;230,00
2026-04-27;PAON;;;44094;1;;3186;;ONCA PUMA;SUB MINERAÇÃO ONÇA PUMA PA;PA;MG FIC1;MG 230 kV ONCA PUMA MG FIC1 PA;0;230,00
2026-04-27;PAON;;;44097;1;;3186;;ONCA PUMA;SUB MINERAÇÃO ONÇA PUMA PA;PA;MG FIC2;MG 230 kV ONCA PUMA MG FIC2 PA;0;230,00
2026-04-27;SCJGSL;;;44389;1;;3352;;JARAGUA DO SUL;SUB JARAGUA DO SUL;SC;MG2;MG 230 kV JARAGUA DO SUL MG2 SC;3;230,00
2026-04-27;MSMIM2;;;44411;1;;4476;;MIMOSO 2;SE MIMOSO 2;MS;MG1;MG 138 kV MIMOSO 2 MG1 MS;3;138,00
2026-04-27;MGMAM2;;;44412;1;;3371;;MONTE ALEGRE2;SUB MONTE ALEGRE DE MINAS 2 MG;MG;MG2;MG 345 kV MONTE ALEGRE2 MG2 MG;3;345,00
2026-04-27;SPSUL;;;44413;1;;2539;;SUL;SUB SUL     SP;SP;MG2;MG 345 kV SUL MG2 SP;3;345,00
2026-04-27;RSCXN;;;44414;1;;3368;;CAXIAS NORTE;SUB CAXIAS NORTE RS;RS;MG3;MG 230 kV CAXIAS NORTE MG3 RS;3;230,00
2026-04-27;RSCTA2;;;44415;1;;3232;;CANDIOTA 2;SE CANDIOTA 2 RS;RS;MG2;MG 230 kV CANDIOTA 2 MG2 RS;3;230,00
2026-04-27;MGNP3;;;44416;1;;4432;;NOVA PONTE 3;SUB NOVA PONTE 3 MG;MG;MG4;MG 500 kV NOVA PONTE 3 MG4 MG;3;500,00
2026-04-27;MSRBE;BD4;Barra Dupla a Quatro Chaves;44417;1;4;2852;;RIO BRILHANTE;SUB RIO BRILHANTE  MS;MS;MG2;MG 230 kV RIO BRILHANTE MG2 MS;3;230,00
2026-04-27;SPDMR;;;44420;1;;3204;;DOMENICO RANGONI;SUB DOMÊNICO RANGONI SP;SP;MG2;MG 345 kV DOMENICO RANGONI MG2 SP;3;345,00
2026-04-27;;;;44433;1;;4535;;SERRA NORTE;SUB SERRA NORTE PA;PA;MG1;MG 230 kV SERRA NORTE MG1 PA;3;230,00
